datum;opkomst;ondergang;opkomst_minutes;ondergang_minutes;daglicht_uren;jaar;maand;maand_naam
2015-01-01;08:48:00;16:39:00;528;999;7,85000000000000;2015;1;Jan
2015-01-02;08:48:00;16:40:00;528;1000;7,86666666666667;2015;1;Jan
2015-01-03;08:48:00;16:41:00;528;1001;7,88333333333333;2015;1;Jan
2015-01-04;08:48:00;16:42:00;528;1002;7,90000000000000;2015;1;Jan
2015-01-05;08:47:00;16:44:00;527;1004;7,95000000000000;2015;1;Jan
2015-01-06;08:47:00;16:45:00;527;1005;7,96666666666667;2015;1;Jan
2015-01-07;08:47:00;16:46:00;527;1006;7,98333333333333;2015;1;Jan
2015-01-08;08:46:00;16:47:00;526;1007;8,01666666666667;2015;1;Jan
2015-01-09;08:46:00;16:49:00;526;1009;8,05000000000000;2015;1;Jan
2015-01-10;08:45:00;16:50:00;525;1010;8,08333333333333;2015;1;Jan
2015-01-11;08:44:00;16:52:00;524;1012;8,13333333333333;2015;1;Jan
2015-01-12;08:44:00;16:53:00;524;1013;8,15000000000000;2015;1;Jan
2015-01-13;08:43:00;16:55:00;523;1015;8,20000000000000;2015;1;Jan
2015-01-14;08:42:00;16:56:00;522;1016;8,23333333333333;2015;1;Jan
2015-01-15;08:41:00;16:58:00;521;1018;8,28333333333333;2015;1;Jan
2015-01-16;08:41:00;16:59:00;521;1019;8,30000000000000;2015;1;Jan
2015-01-17;08:40:00;17:01:00;520;1021;8,35000000000000;2015;1;Jan
2015-01-18;08:39:00;17:02:00;519;1022;8,38333333333333;2015;1;Jan
2015-01-19;08:38:00;17:04:00;518;1024;8,43333333333333;2015;1;Jan
2015-01-20;08:37:00;17:06:00;517;1026;8,48333333333333;2015;1;Jan
2015-01-21;08:35:00;17:08:00;515;1028;8,55000000000000;2015;1;Jan
2015-01-22;08:34:00;17:09:00;514;1029;8,58333333333333;2015;1;Jan
2015-01-23;08:33:00;17:11:00;513;1031;8,63333333333333;2015;1;Jan
2015-01-24;08:32:00;17:13:00;512;1033;8,68333333333333;2015;1;Jan
2015-01-25;08:31:00;17:14:00;511;1034;8,71666666666667;2015;1;Jan
2015-01-26;08:29:00;17:16:00;509;1036;8,78333333333333;2015;1;Jan
2015-01-27;08:28:00;17:18:00;508;1038;8,83333333333333;2015;1;Jan
2015-01-28;08:26:00;17:20:00;506;1040;8,90000000000000;2015;1;Jan
2015-01-29;08:25:00;17:22:00;505;1042;8,95000000000000;2015;1;Jan
2015-01-30;08:24:00;17:23:00;504;1043;8,98333333333333;2015;1;Jan
2015-01-31;08:22:00;17:25:00;502;1045;9,05000000000000;2015;1;Jan
2015-02-01;08:20:00;17:27:00;500;1047;9,11666666666667;2015;2;Feb
2015-02-02;08:19:00;17:29:00;499;1049;9,16666666666667;2015;2;Feb
2015-02-03;08:17:00;17:31:00;497;1051;9,23333333333333;2015;2;Feb
2015-02-04;08:16:00;17:33:00;496;1053;9,28333333333333;2015;2;Feb
2015-02-05;08:14:00;17:35:00;494;1055;9,35000000000000;2015;2;Feb
2015-02-06;08:12:00;17:36:00;492;1056;9,40000000000000;2015;2;Feb
2015-02-07;08:11:00;17:38:00;491;1058;9,45000000000000;2015;2;Feb
2015-02-08;08:09:00;17:40:00;489;1060;9,51666666666667;2015;2;Feb
2015-02-09;08:07:00;17:42:00;487;1062;9,58333333333333;2015;2;Feb
2015-02-10;08:05:00;17:44:00;485;1064;9,65000000000000;2015;2;Feb
2015-02-11;08:03:00;17:46:00;483;1066;9,71666666666667;2015;2;Feb
2015-02-12;08:01:00;17:48:00;481;1068;9,78333333333333;2015;2;Feb
2015-02-13;08:00:00;17:50:00;480;1070;9,83333333333333;2015;2;Feb
2015-02-14;07:58:00;17:51:00;478;1071;9,88333333333333;2015;2;Feb
2015-02-15;07:56:00;17:53:00;476;1073;9,95000000000000;2015;2;Feb
2015-02-16;07:54:00;17:55:00;474;1075;10,01666666666670;2015;2;Feb
2015-02-17;07:52:00;17:57:00;472;1077;10,08333333333330;2015;2;Feb
2015-02-18;07:50:00;17:59:00;470;1079;10,15000000000000;2015;2;Feb
2015-02-19;07:48:00;18:01:00;468;1081;10,21666666666670;2015;2;Feb
2015-02-20;07:46:00;18:03:00;466;1083;10,28333333333330;2015;2;Feb
2015-02-21;07:44:00;18:04:00;464;1084;10,33333333333330;2015;2;Feb
2015-02-22;07:42:00;18:06:00;462;1086;10,40000000000000;2015;2;Feb
2015-02-23;07:40:00;18:08:00;460;1088;10,46666666666670;2015;2;Feb
2015-02-24;07:37:00;18:10:00;457;1090;10,55000000000000;2015;2;Feb
2015-02-25;07:35:00;18:12:00;455;1092;10,61666666666670;2015;2;Feb
2015-02-26;07:33:00;18:14:00;453;1094;10,68333333333330;2015;2;Feb
2015-02-27;07:31:00;18:15:00;451;1095;10,73333333333330;2015;2;Feb
2015-02-28;07:29:00;18:17:00;449;1097;10,80000000000000;2015;2;Feb
2015-03-01;07:27:00;18:19:00;447;1099;10,86666666666670;2015;3;Mar
2015-03-02;07:24:00;18:21:00;444;1101;10,95000000000000;2015;3;Mar
2015-03-03;07:22:00;18:23:00;442;1103;11,01666666666670;2015;3;Mar
2015-03-04;07:20:00;18:24:00;440;1104;11,06666666666670;2015;3;Mar
2015-03-05;07:18:00;18:26:00;438;1106;11,13333333333330;2015;3;Mar
2015-03-06;07:16:00;18:28:00;436;1108;11,20000000000000;2015;3;Mar
2015-03-07;07:13:00;18:30:00;433;1110;11,28333333333330;2015;3;Mar
2015-03-08;07:11:00;18:31:00;431;1111;11,33333333333330;2015;3;Mar
2015-03-09;07:09:00;18:33:00;429;1113;11,40000000000000;2015;3;Mar
2015-03-10;07:05:00;18:35:00;425;1115;11,50000000000000;2015;3;Mar
2015-03-11;07:04:00;18:37:00;424;1117;11,55000000000000;2015;3;Mar
2015-03-12;07:02:00;18:39:00;422;1119;11,61666666666670;2015;3;Mar
2015-03-13;07:00:00;18:40:00;420;1120;11,66666666666670;2015;3;Mar
2015-03-14;06:58:00;18:42:00;418;1122;11,73333333333330;2015;3;Mar
2015-03-15;06:55:00;18:44:00;415;1124;11,81666666666670;2015;3;Mar
2015-03-16;06:53:00;18:46:00;413;1126;11,88333333333330;2015;3;Mar
2015-03-17;06:51:00;18:47:00;411;1127;11,93333333333330;2015;3;Mar
2015-03-18;06:48:00;18:49:00;408;1129;12,01666666666670;2015;3;Mar
2015-03-19;06:46:00;18:51:00;406;1131;12,08333333333330;2015;3;Mar
2015-03-20;06:44:00;18:52:00;404;1132;12,13333333333330;2015;3;Mar
2015-03-21;06:41:00;18:54:00;401;1134;12,21666666666670;2015;3;Mar
2015-03-22;06:39:00;18:56:00;399;1136;12,28333333333330;2015;3;Mar
2015-03-23;06:37:00;18:58:00;397;1138;12,35000000000000;2015;3;Mar
2015-03-24;06:34:00;18:59:00;394;1139;12,41666666666670;2015;3;Mar
2015-03-25;06:32:00;19:01:00;392;1141;12,48333333333330;2015;3;Mar
2015-03-26;06:30:00;19:03:00;390;1143;12,55000000000000;2015;3;Mar
2015-03-27;06:27:00;19:05:00;387;1145;12,63333333333330;2015;3;Mar
2015-03-28;06:25:00;19:06:00;385;1146;12,68333333333330;2015;3;Mar
2015-03-29;07:23:00;20:08:00;443;1208;12,75000000000000;2015;3;Mar
2015-03-30;07:20:00;20:10:00;440;1210;12,83333333333330;2015;3;Mar
2015-03-31;07:18:00;20:12:00;438;1212;12,90000000000000;2015;3;Mar
2015-04-01;07:16:00;20:13:00;436;1213;12,95000000000000;2015;4;Apr
2015-04-02;07:14:00;20:15:00;434;1215;13,01666666666670;2015;4;Apr
2015-04-03;07:11:00;20:17:00;431;1217;13,10000000000000;2015;4;Apr
2015-04-04;07:09:00;20:18:00;429;1218;13,15000000000000;2015;4;Apr
2015-04-05;07:07:00;20:20:00;427;1220;13,21666666666670;2015;4;Apr
2015-04-06;07:04:00;20:22:00;424;1222;13,30000000000000;2015;4;Apr
2015-04-07;07:02:00;20:23:00;422;1223;13,35000000000000;2015;4;Apr
2015-04-08;07:00:00;20:25:00;420;1225;13,41666666666670;2015;4;Apr
2015-04-09;06:58:00;20:27:00;418;1227;13,48333333333330;2015;4;Apr
2015-04-10;06:55:00;20:28:00;415;1228;13,55000000000000;2015;4;Apr
2015-04-11;06:53:00;20:31:00;413;1231;13,63333333333330;2015;4;Apr
2015-04-12;06:50:00;20:32:00;410;1232;13,70000000000000;2015;4;Apr
2015-04-13;06:49:00;20:34:00;409;1234;13,75000000000000;2015;4;Apr
2015-04-14;06:47:00;20:35:00;407;1235;13,80000000000000;2015;4;Apr
2015-04-15;06:44:00;20:37:00;404;1237;13,88333333333330;2015;4;Apr
2015-04-16;06:42:00;20:39:00;402;1239;13,95000000000000;2015;4;Apr
2015-04-17;06:40:00;20:40:00;400;1240;14,00000000000000;2015;4;Apr
2015-04-18;06:38:00;20:42:00;398;1242;14,06666666666670;2015;4;Apr
2015-04-19;06:36:00;20:44:00;396;1244;14,13333333333330;2015;4;Apr
2015-04-20;06:34:00;20:46:00;394;1246;14,20000000000000;2015;4;Apr
2015-04-21;06:31:00;20:47:00;391;1247;14,26666666666670;2015;4;Apr
2015-04-22;06:29:00;20:49:00;389;1249;14,33333333333330;2015;4;Apr
2015-04-23;06:27:00;20:51:00;387;1251;14,40000000000000;2015;4;Apr
2015-04-24;06:25:00;20:52:00;385;1252;14,45000000000000;2015;4;Apr
2015-04-25;06:23:00;20:54:00;383;1254;14,51666666666670;2015;4;Apr
2015-04-26;06:21:00;20:56:00;381;1256;14,58333333333330;2015;4;Apr
2015-04-27;06:19:00;20:57:00;379;1257;14,63333333333330;2015;4;Apr
2015-04-28;06:17:00;20:59:00;377;1259;14,70000000000000;2015;4;Apr
2015-04-29;06:15:00;21:01:00;375;1261;14,76666666666670;2015;4;Apr
2015-04-30;06:13:00;21:03:00;373;1263;14,83333333333330;2015;4;Apr
2015-05-01;06:11:00;21:04:00;371;1264;14,88333333333330;2015;5;May
2015-05-02;06:09:00;21:06:00;369;1266;14,95000000000000;2015;5;May
2015-05-03;06:07:00;21:08:00;367;1268;15,01666666666670;2015;5;May
2015-05-04;06:06:00;21:09:00;366;1269;15,05000000000000;2015;5;May
2015-05-05;06:04:00;21:11:00;364;1271;15,11666666666670;2015;5;May
2015-05-06;06:02:00;21:12:00;362;1272;15,16666666666670;2015;5;May
2015-05-07;06:00:00;21:14:00;360;1274;15,23333333333330;2015;5;May
2015-05-08;05:58:00;21:16:00;358;1276;15,30000000000000;2015;5;May
2015-05-09;05:57:00;21:17:00;357;1277;15,33333333333330;2015;5;May
2015-05-10;05:55:00;21:19:00;355;1279;15,40000000000000;2015;5;May
2015-05-11;05:53:00;21:21:00;353;1281;15,46666666666670;2015;5;May
2015-05-12;05:51:00;21:23:00;351;1283;15,53333333333330;2015;5;May
2015-05-13;05:50:00;21:24:00;350;1284;15,56666666666670;2015;5;May
2015-05-14;05:48:00;21:25:00;348;1285;15,61666666666670;2015;5;May
2015-05-15;05:47:00;21:27:00;347;1287;15,66666666666670;2015;5;May
2015-05-16;05:45:00;21:28:00;345;1288;15,71666666666670;2015;5;May
2015-05-17;05:44:00;21:30:00;344;1290;15,76666666666670;2015;5;May
2015-05-18;05:42:00;21:31:00;342;1291;15,81666666666670;2015;5;May
2015-05-19;05:41:00;21:33:00;341;1293;15,86666666666670;2015;5;May
2015-05-20;05:40:00;21:34:00;340;1294;15,90000000000000;2015;5;May
2015-05-21;05:38:00;21:36:00;338;1296;15,96666666666670;2015;5;May
2015-05-22;05:37:00;21:37:00;337;1297;16,00000000000000;2015;5;May
2015-05-23;05:36:00;21:39:00;336;1299;16,05000000000000;2015;5;May
2015-05-24;05:35:00;21:40:00;335;1300;16,08333333333330;2015;5;May
2015-05-25;05:33:00;21:41:00;333;1301;16,13333333333330;2015;5;May
2015-05-26;05:32:00;21:43:00;332;1303;16,18333333333330;2015;5;May
2015-05-27;05:31:00;21:44:00;331;1304;16,21666666666670;2015;5;May
2015-05-28;05:30:00;21:45:00;330;1305;16,25000000000000;2015;5;May
2015-05-29;05:29:00;21:46:00;329;1306;16,28333333333330;2015;5;May
2015-05-30;05:28:00;21:48:00;328;1308;16,33333333333330;2015;5;May
2015-05-31;05:27:00;21:49:00;327;1309;16,36666666666670;2015;5;May
2015-06-01;05:26:00;21:50:00;326;1310;16,40000000000000;2015;6;Jun
2015-06-02;05:26:00;21:51:00;326;1311;16,41666666666670;2015;6;Jun
2015-06-03;05:25:00;21:52:00;325;1312;16,45000000000000;2015;6;Jun
2015-06-04;05:24:00;21:53:00;324;1313;16,48333333333330;2015;6;Jun
2015-06-05;05:23:00;21:54:00;323;1314;16,51666666666670;2015;6;Jun
2015-06-06;05:23:00;21:55:00;323;1315;16,53333333333330;2015;6;Jun
2015-06-07;05:22:00;21:56:00;322;1316;16,56666666666670;2015;6;Jun
2015-06-08;05:22:00;21:57:00;322;1317;16,58333333333330;2015;6;Jun
2015-06-09;05:21:00;21:58:00;321;1318;16,61666666666670;2015;6;Jun
2015-06-10;05:21:00;21:58:00;321;1318;16,61666666666670;2015;6;Jun
2015-06-11;05:20:00;21:59:00;320;1319;16,65000000000000;2015;6;Jun
2015-06-12;05:20:00;22:00:00;320;1320;16,66666666666670;2015;6;Jun
2015-06-13;05:20:00;22:00:00;320;1320;16,66666666666670;2015;6;Jun
2015-06-14;05:20:00;22:01:00;320;1321;16,68333333333330;2015;6;Jun
2015-06-15;05:20:00;22:01:00;320;1321;16,68333333333330;2015;6;Jun
2015-06-16;05:19:00;22:02:00;319;1322;16,71666666666670;2015;6;Jun
2015-06-17;05:19:00;22:02:00;319;1322;16,71666666666670;2015;6;Jun
2015-06-18;05:19:00;22:03:00;319;1323;16,73333333333330;2015;6;Jun
2015-06-19;05:19:00;22:03:00;319;1323;16,73333333333330;2015;6;Jun
2015-06-20;05:20:00;22:03:00;320;1323;16,71666666666670;2015;6;Jun
2015-06-21;05:20:00;22:04:00;320;1324;16,73333333333330;2015;6;Jun
2015-06-22;05:20:00;22:04:00;320;1324;16,73333333333330;2015;6;Jun
2015-06-23;05:20:00;22:04:00;320;1324;16,73333333333330;2015;6;Jun
2015-06-24;05:21:00;22:04:00;321;1324;16,71666666666670;2015;6;Jun
2015-06-25;05:21:00;22:04:00;321;1324;16,71666666666670;2015;6;Jun
2015-06-26;05:21:00;22:04:00;321;1324;16,71666666666670;2015;6;Jun
2015-06-27;05:22:00;22:04:00;322;1324;16,70000000000000;2015;6;Jun
2015-06-28;05:22:00;22:04:00;322;1324;16,70000000000000;2015;6;Jun
2015-06-29;05:23:00;22:04:00;323;1324;16,68333333333330;2015;6;Jun
2015-06-30;05:23:00;22:03:00;323;1323;16,66666666666670;2015;6;Jun
2015-07-01;05:24:00;22:03:00;324;1323;16,65000000000000;2015;7;Jul
2015-07-02;05:25:00;22:03:00;325;1323;16,63333333333330;2015;7;Jul
2015-07-03;05:26:00;22:02:00;326;1322;16,60000000000000;2015;7;Jul
2015-07-04;05:26:00;22:02:00;326;1322;16,60000000000000;2015;7;Jul
2015-07-05;05:27:00;22:01:00;327;1321;16,56666666666670;2015;7;Jul
2015-07-06;05:28:00;22:01:00;328;1321;16,55000000000000;2015;7;Jul
2015-07-07;05:29:00;22:00:00;329;1320;16,51666666666670;2015;7;Jul
2015-07-08;05:30:00;22:00:00;330;1320;16,50000000000000;2015;7;Jul
2015-07-09;05:31:00;21:59:00;331;1319;16,46666666666670;2015;7;Jul
2015-07-10;05:32:00;21:58:00;332;1318;16,43333333333330;2015;7;Jul
2015-07-11;05:33:00;21:57:00;333;1317;16,40000000000000;2015;7;Jul
2015-07-12;05:34:00;21:56:00;334;1316;16,36666666666670;2015;7;Jul
2015-07-13;05:35:00;21:56:00;335;1316;16,35000000000000;2015;7;Jul
2015-07-14;05:36:00;21:55:00;336;1315;16,31666666666670;2015;7;Jul
2015-07-15;05:38:00;21:54:00;338;1314;16,26666666666670;2015;7;Jul
2015-07-16;05:39:00;21:53:00;339;1313;16,23333333333330;2015;7;Jul
2015-07-17;05:40:00;21:52:00;340;1312;16,20000000000000;2015;7;Jul
2015-07-18;05:41:00;21:50:00;341;1310;16,15000000000000;2015;7;Jul
2015-07-19;05:43:00;21:49:00;343;1309;16,10000000000000;2015;7;Jul
2015-07-20;05:44:00;21:48:00;344;1308;16,06666666666670;2015;7;Jul
2015-07-21;05:45:00;21:47:00;345;1307;16,03333333333330;2015;7;Jul
2015-07-22;05:47:00;21:45:00;347;1305;15,96666666666670;2015;7;Jul
2015-07-23;05:48:00;21:44:00;348;1304;15,93333333333330;2015;7;Jul
2015-07-24;05:49:00;21:43:00;349;1303;15,90000000000000;2015;7;Jul
2015-07-25;05:51:00;21:41:00;351;1301;15,83333333333330;2015;7;Jul
2015-07-26;05:52:00;21:40:00;352;1300;15,80000000000000;2015;7;Jul
2015-07-27;05:54:00;21:38:00;354;1298;15,73333333333330;2015;7;Jul
2015-07-28;05:55:00;21:37:00;355;1297;15,70000000000000;2015;7;Jul
2015-07-29;05:57:00;21:35:00;357;1295;15,63333333333330;2015;7;Jul
2015-07-30;05:58:00;21:34:00;358;1294;15,60000000000000;2015;7;Jul
2015-07-31;06:00:00;21:32:00;360;1292;15,53333333333330;2015;7;Jul
2015-08-01;06:01:00;21:31:00;361;1291;15,50000000000000;2015;8;Aug
2015-08-02;06:03:00;21:29:00;363;1289;15,43333333333330;2015;8;Aug
2015-08-03;06:04:00;21:27:00;364;1287;15,38333333333330;2015;8;Aug
2015-08-04;06:06:00;21:25:00;366;1285;15,31666666666670;2015;8;Aug
2015-08-05;06:07:00;21:24:00;367;1284;15,28333333333330;2015;8;Aug
2015-08-06;06:09:00;21:22:00;369;1282;15,21666666666670;2015;8;Aug
2015-08-07;06:11:00;21:20:00;371;1280;15,15000000000000;2015;8;Aug
2015-08-08;06:12:00;21:18:00;372;1278;15,10000000000000;2015;8;Aug
2015-08-09;06:14:00;21:16:00;374;1276;15,03333333333330;2015;8;Aug
2015-08-10;06:15:00;21:14:00;375;1274;14,98333333333330;2015;8;Aug
2015-08-11;06:17:00;21:12:00;377;1272;14,91666666666670;2015;8;Aug
2015-08-12;06:19:00;21:10:00;379;1270;14,85000000000000;2015;8;Aug
2015-08-13;06:20:00;21:09:00;380;1269;14,81666666666670;2015;8;Aug
2015-08-14;06:22:00;21:07:00;382;1267;14,75000000000000;2015;8;Aug
2015-08-15;06:23:00;21:05:00;383;1265;14,70000000000000;2015;8;Aug
2015-08-16;06:25:00;21:03:00;385;1263;14,63333333333330;2015;8;Aug
2015-08-17;06:27:00;21:01:00;387;1261;14,56666666666670;2015;8;Aug
2015-08-18;06:28:00;20:58:00;388;1258;14,50000000000000;2015;8;Aug
2015-08-19;06:30:00;20:56:00;390;1256;14,43333333333330;2015;8;Aug
2015-08-20;06:32:00;20:54:00;392;1254;14,36666666666670;2015;8;Aug
2015-08-21;06:33:00;20:52:00;393;1252;14,31666666666670;2015;8;Aug
2015-08-22;06:35:00;20:50:00;395;1250;14,25000000000000;2015;8;Aug
2015-08-23;06:36:00;20:48:00;396;1248;14,20000000000000;2015;8;Aug
2015-08-24;06:38:00;20:46:00;398;1246;14,13333333333330;2015;8;Aug
2015-08-25;06:40:00;20:44:00;400;1244;14,06666666666670;2015;8;Aug
2015-08-26;06:41:00;20:41:00;401;1241;14,00000000000000;2015;8;Aug
2015-08-27;06:43:00;20:39:00;403;1239;13,93333333333330;2015;8;Aug
2015-08-28;06:45:00;20:37:00;405;1237;13,86666666666670;2015;8;Aug
2015-08-29;06:46:00;20:35:00;406;1235;13,81666666666670;2015;8;Aug
2015-08-30;06:48:00;20:33:00;408;1233;13,75000000000000;2015;8;Aug
2015-08-31;06:49:00;20:30:00;409;1230;13,68333333333330;2015;8;Aug
2015-09-01;06:51:00;20:28:00;411;1228;13,61666666666670;2015;9;Sep
2015-09-02;06:53:00;20:26:00;413;1226;13,55000000000000;2015;9;Sep
2015-09-03;06:54:00;20:23:00;414;1223;13,48333333333330;2015;9;Sep
2015-09-04;06:56:00;20:21:00;416;1221;13,41666666666670;2015;9;Sep
2015-09-05;06:58:00;20:19:00;418;1219;13,35000000000000;2015;9;Sep
2015-09-06;06:59:00;20:17:00;419;1217;13,30000000000000;2015;9;Sep
2015-09-07;07:01:00;20:14:00;421;1214;13,21666666666670;2015;9;Sep
2015-09-08;07:02:00;20:12:00;422;1212;13,16666666666670;2015;9;Sep
2015-09-09;07:04:00;20:10:00;424;1210;13,10000000000000;2015;9;Sep
2015-09-10;07:06:00;20:07:00;426;1207;13,01666666666670;2015;9;Sep
2015-09-11;07:08:00;20:04:00;428;1204;12,93333333333330;2015;9;Sep
2015-09-12;07:09:00;20:02:00;429;1202;12,88333333333330;2015;9;Sep
2015-09-13;07:11:00;20:00:00;431;1200;12,81666666666670;2015;9;Sep
2015-09-14;07:12:00;19:58:00;432;1198;12,76666666666670;2015;9;Sep
2015-09-15;07:14:00;19:56:00;434;1196;12,70000000000000;2015;9;Sep
2015-09-16;07:15:00;19:53:00;435;1193;12,63333333333330;2015;9;Sep
2015-09-17;07:17:00;19:51:00;437;1191;12,56666666666670;2015;9;Sep
2015-09-18;07:19:00;19:49:00;439;1189;12,50000000000000;2015;9;Sep
2015-09-19;07:20:00;19:46:00;440;1186;12,43333333333330;2015;9;Sep
2015-09-20;07:22:00;19:44:00;442;1184;12,36666666666670;2015;9;Sep
2015-09-21;07:24:00;19:42:00;444;1182;12,30000000000000;2015;9;Sep
2015-09-22;07:25:00;19:39:00;445;1179;12,23333333333330;2015;9;Sep
2015-09-23;07:27:00;19:37:00;447;1177;12,16666666666670;2015;9;Sep
2015-09-24;07:29:00;19:35:00;449;1175;12,10000000000000;2015;9;Sep
2015-09-25;07:30:00;19:32:00;450;1172;12,03333333333330;2015;9;Sep
2015-09-26;07:32:00;19:30:00;452;1170;11,96666666666670;2015;9;Sep
2015-09-27;07:34:00;19:28:00;454;1168;11,90000000000000;2015;9;Sep
2015-09-28;07:35:00;19:25:00;455;1165;11,83333333333330;2015;9;Sep
2015-09-29;07:37:00;19:23:00;457;1163;11,76666666666670;2015;9;Sep
2015-09-30;07:39:00;19:21:00;459;1161;11,70000000000000;2015;9;Sep
2015-10-01;07:40:00;19:18:00;460;1158;11,63333333333330;2015;10;Oct
2015-10-02;07:42:00;19:16:00;462;1156;11,56666666666670;2015;10;Oct
2015-10-03;07:44:00;19:14:00;464;1154;11,50000000000000;2015;10;Oct
2015-10-04;07:45:00;19:11:00;465;1151;11,43333333333330;2015;10;Oct
2015-10-05;07:47:00;19:09:00;467;1149;11,36666666666670;2015;10;Oct
2015-10-06;07:49:00;19:07:00;469;1147;11,30000000000000;2015;10;Oct
2015-10-07;07:50:00;19:05:00;470;1145;11,25000000000000;2015;10;Oct
2015-10-08;07:52:00;19:02:00;472;1142;11,16666666666670;2015;10;Oct
2015-10-09;07:54:00;19:00:00;474;1140;11,10000000000000;2015;10;Oct
2015-10-10;07:55:00;18:58:00;475;1138;11,05000000000000;2015;10;Oct
2015-10-11;07:58:00;18:55:00;478;1135;10,95000000000000;2015;10;Oct
2015-10-12;07:59:00;18:53:00;479;1133;10,90000000000000;2015;10;Oct
2015-10-13;08:01:00;18:51:00;481;1131;10,83333333333330;2015;10;Oct
2015-10-14;08:02:00;18:49:00;482;1129;10,78333333333330;2015;10;Oct
2015-10-15;08:04:00;18:47:00;484;1127;10,71666666666670;2015;10;Oct
2015-10-16;08:06:00;18:45:00;486;1125;10,65000000000000;2015;10;Oct
2015-10-17;08:07:00;18:43:00;487;1123;10,60000000000000;2015;10;Oct
2015-10-18;08:09:00;18:40:00;489;1120;10,51666666666670;2015;10;Oct
2015-10-19;08:11:00;18:38:00;491;1118;10,45000000000000;2015;10;Oct
2015-10-20;08:13:00;18:36:00;493;1116;10,38333333333330;2015;10;Oct
2015-10-21;08:14:00;18:34:00;494;1114;10,33333333333330;2015;10;Oct
2015-10-22;08:16:00;18:32:00;496;1112;10,26666666666670;2015;10;Oct
2015-10-23;08:18:00;18:30:00;498;1110;10,20000000000000;2015;10;Oct
2015-10-24;08:20:00;18:28:00;500;1108;10,13333333333330;2015;10;Oct
2015-10-25;07:22:00;17:26:00;442;1046;10,06666666666670;2015;10;Oct
2015-10-26;07:23:00;17:24:00;443;1044;10,01666666666670;2015;10;Oct
2015-10-27;07:25:00;17:22:00;445;1042;9,95000000000000;2015;10;Oct
2015-10-28;07:27:00;17:20:00;447;1040;9,88333333333333;2015;10;Oct
2015-10-29;07:29:00;17:18:00;449;1038;9,81666666666667;2015;10;Oct
2015-10-30;07:31:00;17:16:00;451;1036;9,75000000000000;2015;10;Oct
2015-10-31;07:32:00;17:14:00;452;1034;9,70000000000000;2015;10;Oct
2015-11-01;07:34:00;17:12:00;454;1032;9,63333333333333;2015;11;Nov
2015-11-02;07:36:00;17:10:00;456;1030;9,56666666666667;2015;11;Nov
2015-11-03;07:38:00;17:09:00;458;1029;9,51666666666667;2015;11;Nov
2015-11-04;07:40:00;17:07:00;460;1027;9,45000000000000;2015;11;Nov
2015-11-05;07:41:00;17:05:00;461;1025;9,40000000000000;2015;11;Nov
2015-11-06;07:43:00;17:03:00;463;1023;9,33333333333333;2015;11;Nov
2015-11-07;07:45:00;17:02:00;465;1022;9,28333333333333;2015;11;Nov
2015-11-08;07:47:00;17:00:00;467;1020;9,21666666666667;2015;11;Nov
2015-11-09;07:49:00;16:58:00;469;1018;9,15000000000000;2015;11;Nov
2015-11-10;07:50:00;16:57:00;470;1017;9,11666666666667;2015;11;Nov
2015-11-11;07:53:00;16:55:00;473;1015;9,03333333333333;2015;11;Nov
2015-11-12;07:54:00;16:53:00;474;1013;8,98333333333333;2015;11;Nov
2015-11-13;07:56:00;16:52:00;476;1012;8,93333333333333;2015;11;Nov
2015-11-14;07:57:00;16:51:00;477;1011;8,90000000000000;2015;11;Nov
2015-11-15;07:59:00;16:49:00;479;1009;8,83333333333333;2015;11;Nov
2015-11-16;08:01:00;16:48:00;481;1008;8,78333333333333;2015;11;Nov
2015-11-17;08:03:00;16:47:00;483;1007;8,73333333333333;2015;11;Nov
2015-11-18;08:04:00;16:45:00;484;1005;8,68333333333333;2015;11;Nov
2015-11-19;08:06:00;16:44:00;486;1004;8,63333333333333;2015;11;Nov
2015-11-20;08:08:00;16:43:00;488;1003;8,58333333333333;2015;11;Nov
2015-11-21;08:09:00;16:42:00;489;1002;8,55000000000000;2015;11;Nov
2015-11-22;08:11:00;16:41:00;491;1001;8,50000000000000;2015;11;Nov
2015-11-23;08:13:00;16:39:00;493;999;8,43333333333333;2015;11;Nov
2015-11-24;08:14:00;16:38:00;494;998;8,40000000000000;2015;11;Nov
2015-11-25;08:16:00;16:37:00;496;997;8,35000000000000;2015;11;Nov
2015-11-26;08:17:00;16:36:00;497;996;8,31666666666667;2015;11;Nov
2015-11-27;08:19:00;16:36:00;499;996;8,28333333333333;2015;11;Nov
2015-11-28;08:21:00;16:35:00;501;995;8,23333333333333;2015;11;Nov
2015-11-29;08:22:00;16:34:00;502;994;8,20000000000000;2015;11;Nov
2015-11-30;08:24:00;16:33:00;504;993;8,15000000000000;2015;11;Nov
2015-12-01;08:25:00;16:32:00;505;992;8,11666666666667;2015;12;Dec
2015-12-02;08:26:00;16:32:00;506;992;8,10000000000000;2015;12;Dec
2015-12-03;08:28:00;16:31:00;508;991;8,05000000000000;2015;12;Dec
2015-12-04;08:29:00;16:31:00;509;991;8,03333333333333;2015;12;Dec
2015-12-05;08:31:00;16:30:00;511;990;7,98333333333333;2015;12;Dec
2015-12-06;08:32:00;16:30:00;512;990;7,96666666666667;2015;12;Dec
2015-12-07;08:33:00;16:29:00;513;989;7,93333333333333;2015;12;Dec
2015-12-08;08:34:00;16:29:00;514;989;7,91666666666667;2015;12;Dec
2015-12-09;08:35:00;16:29:00;515;989;7,90000000000000;2015;12;Dec
2015-12-10;08:36:00;16:29:00;516;989;7,88333333333333;2015;12;Dec
2015-12-11;08:38:00;16:28:00;518;988;7,83333333333333;2015;12;Dec
2015-12-12;08:39:00;16:28:00;519;988;7,81666666666667;2015;12;Dec
2015-12-13;08:40:00;16:28:00;520;988;7,80000000000000;2015;12;Dec
2015-12-14;08:40:00;16:28:00;520;988;7,80000000000000;2015;12;Dec
2015-12-15;08:41:00;16:29:00;521;989;7,80000000000000;2015;12;Dec
2015-12-16;08:42:00;16:29:00;522;989;7,78333333333333;2015;12;Dec
2015-12-17;08:43:00;16:29:00;523;989;7,76666666666667;2015;12;Dec
2015-12-18;08:44:00;16:29:00;524;989;7,75000000000000;2015;12;Dec
2015-12-19;08:44:00;16:29:00;524;989;7,75000000000000;2015;12;Dec
2015-12-20;08:45:00;16:30:00;525;990;7,75000000000000;2015;12;Dec
2015-12-21;08:46:00;16:30:00;526;990;7,73333333333333;2015;12;Dec
2015-12-22;08:46:00;16:31:00;526;991;7,75000000000000;2015;12;Dec
2015-12-23;08:47:00;16:31:00;527;991;7,73333333333333;2015;12;Dec
2015-12-24;08:47:00;16:32:00;527;992;7,75000000000000;2015;12;Dec
2015-12-25;08:47:00;16:33:00;527;993;7,76666666666667;2015;12;Dec
2015-12-26;08:48:00;16:33:00;528;993;7,75000000000000;2015;12;Dec
2015-12-27;08:48:00;16:34:00;528;994;7,76666666666667;2015;12;Dec
2015-12-28;08:48:00;16:35:00;528;995;7,78333333333333;2015;12;Dec
2015-12-29;08:48:00;16:36:00;528;996;7,80000000000000;2015;12;Dec
2015-12-30;08:48:00;16:37:00;528;997;7,81666666666667;2015;12;Dec
2015-12-31;08:48:00;16:38:00;528;998;7,83333333333333;2015;12;Dec
2016-01-01;08:48:00;16:39:00;528;999;7,85000000000000;2016;1;Jan
2016-01-02;08:48:00;16:40:00;528;1000;7,86666666666667;2016;1;Jan
2016-01-03;08:48:00;16:41:00;528;1001;7,88333333333333;2016;1;Jan
2016-01-04;08:48:00;16:42:00;528;1002;7,90000000000000;2016;1;Jan
2016-01-05;08:47:00;16:43:00;527;1003;7,93333333333333;2016;1;Jan
2016-01-06;08:47:00;16:44:00;527;1004;7,95000000000000;2016;1;Jan
2016-01-07;08:47:00;16:46:00;527;1006;7,98333333333333;2016;1;Jan
2016-01-08;08:46:00;16:47:00;526;1007;8,01666666666667;2016;1;Jan
2016-01-09;08:46:00;16:48:00;526;1008;8,03333333333333;2016;1;Jan
2016-01-10;08:45:00;16:50:00;525;1010;8,08333333333333;2016;1;Jan
2016-01-11;08:45:00;16:51:00;525;1011;8,10000000000000;2016;1;Jan
2016-01-12;08:44:00;16:53:00;524;1013;8,15000000000000;2016;1;Jan
2016-01-13;08:43:00;16:54:00;523;1014;8,18333333333333;2016;1;Jan
2016-01-14;08:42:00;16:56:00;522;1016;8,23333333333333;2016;1;Jan
2016-01-15;08:42:00;16:57:00;522;1017;8,25000000000000;2016;1;Jan
2016-01-16;08:41:00;16:59:00;521;1019;8,30000000000000;2016;1;Jan
2016-01-17;08:40:00;17:00:00;520;1020;8,33333333333333;2016;1;Jan
2016-01-18;08:39:00;17:02:00;519;1022;8,38333333333333;2016;1;Jan
2016-01-19;08:38:00;17:04:00;518;1024;8,43333333333333;2016;1;Jan
2016-01-20;08:37:00;17:05:00;517;1025;8,46666666666667;2016;1;Jan
2016-01-21;08:36:00;17:07:00;516;1027;8,51666666666667;2016;1;Jan
2016-01-22;08:35:00;17:09:00;515;1029;8,56666666666667;2016;1;Jan
2016-01-23;08:33:00;17:11:00;513;1031;8,63333333333333;2016;1;Jan
2016-01-24;08:32:00;17:12:00;512;1032;8,66666666666667;2016;1;Jan
2016-01-25;08:31:00;17:14:00;511;1034;8,71666666666667;2016;1;Jan
2016-01-26;08:30:00;17:16:00;510;1036;8,76666666666667;2016;1;Jan
2016-01-27;08:28:00;17:18:00;508;1038;8,83333333333333;2016;1;Jan
2016-01-28;08:27:00;17:19:00;507;1039;8,86666666666667;2016;1;Jan
2016-01-29;08:25:00;17:23:00;505;1043;8,96666666666667;2016;1;Jan
2016-01-30;08:24:00;17:23:00;504;1043;8,98333333333333;2016;1;Jan
2016-01-31;08:22:00;17:25:00;502;1045;9,05000000000000;2016;1;Jan
2016-02-01;08:21:00;17:27:00;501;1047;9,10000000000000;2016;2;Feb
2016-02-02;08:19:00;17:29:00;499;1049;9,16666666666667;2016;2;Feb
2016-02-03;08:18:00;17:30:00;498;1050;9,20000000000000;2016;2;Feb
2016-02-04;08:16:00;17:32:00;496;1052;9,26666666666667;2016;2;Feb
2016-02-05;08:14:00;17:34:00;494;1054;9,33333333333333;2016;2;Feb
2016-02-06;08:13:00;17:36:00;493;1056;9,38333333333333;2016;2;Feb
2016-02-07;08:11:00;17:38:00;491;1058;9,45000000000000;2016;2;Feb
2016-02-08;08:09:00;17:40:00;489;1060;9,51666666666667;2016;2;Feb
2016-02-09;08:07:00;17:42:00;487;1062;9,58333333333333;2016;2;Feb
2016-02-10;08:06:00;17:44:00;486;1064;9,63333333333333;2016;2;Feb
2016-02-11;08:04:00;17:45:00;484;1065;9,68333333333333;2016;2;Feb
2016-02-12;08:02:00;17:47:00;482;1067;9,75000000000000;2016;2;Feb
2016-02-13;08:00:00;17:49:00;480;1069;9,81666666666667;2016;2;Feb
2016-02-14;07:58:00;17:51:00;478;1071;9,88333333333333;2016;2;Feb
2016-02-15;07:56:00;17:53:00;476;1073;9,95000000000000;2016;2;Feb
2016-02-16;07:54:00;17:55:00;474;1075;10,01666666666670;2016;2;Feb
2016-02-17;07:52:00;17:57:00;472;1077;10,08333333333330;2016;2;Feb
2016-02-18;07:50:00;17:58:00;470;1078;10,13333333333330;2016;2;Feb
2016-02-19;07:48:00;18:00:00;468;1080;10,20000000000000;2016;2;Feb
2016-02-20;07:46:00;18:02:00;466;1082;10,26666666666670;2016;2;Feb
2016-02-21;07:44:00;18:04:00;464;1084;10,33333333333330;2016;2;Feb
2016-02-22;07:42:00;18:06:00;462;1086;10,40000000000000;2016;2;Feb
2016-02-23;07:40:00;18:08:00;460;1088;10,46666666666670;2016;2;Feb
2016-02-24;07:38:00;18:09:00;458;1089;10,51666666666670;2016;2;Feb
2016-02-25;07:36:00;18:11:00;456;1091;10,58333333333330;2016;2;Feb
2016-02-26;07:34:00;18:13:00;454;1093;10,65000000000000;2016;2;Feb
2016-02-27;07:32:00;18:15:00;452;1095;10,71666666666670;2016;2;Feb
2016-02-28;07:29:00;18:17:00;449;1097;10,80000000000000;2016;2;Feb
2016-02-29;07:27:00;18:19:00;447;1099;10,86666666666670;2016;2;Feb
2016-03-01;07:25:00;18:20:00;445;1100;10,91666666666670;2016;3;Mar
2016-03-02;07:23:00;18:22:00;443;1102;10,98333333333330;2016;3;Mar
2016-03-03;07:21:00;18:24:00;441;1104;11,05000000000000;2016;3;Mar
2016-03-04;07:18:00;18:26:00;438;1106;11,13333333333330;2016;3;Mar
2016-03-05;07:16:00;18:28:00;436;1108;11,20000000000000;2016;3;Mar
2016-03-06;07:14:00;18:29:00;434;1109;11,25000000000000;2016;3;Mar
2016-03-07;07:12:00;18:31:00;432;1111;11,31666666666670;2016;3;Mar
2016-03-08;07:09:00;18:33:00;429;1113;11,40000000000000;2016;3;Mar
2016-03-09;07:07:00;18:35:00;427;1115;11,46666666666670;2016;3;Mar
2016-03-10;07:05:00;18:36:00;425;1116;11,51666666666670;2016;3;Mar
2016-03-11;07:03:00;18:38:00;423;1118;11,58333333333330;2016;3;Mar
2016-03-12;07:00:00;18:40:00;420;1120;11,66666666666670;2016;3;Mar
2016-03-13;06:58:00;18:42:00;418;1122;11,73333333333330;2016;3;Mar
2016-03-14;06:56:00;18:43:00;416;1123;11,78333333333330;2016;3;Mar
2016-03-15;06:53:00;18:45:00;413;1125;11,86666666666670;2016;3;Mar
2016-03-16;06:51:00;18:47:00;411;1127;11,93333333333330;2016;3;Mar
2016-03-17;06:49:00;18:49:00;409;1129;12,00000000000000;2016;3;Mar
2016-03-18;06:47:00;18:50:00;407;1130;12,05000000000000;2016;3;Mar
2016-03-19;06:44:00;18:52:00;404;1132;12,13333333333330;2016;3;Mar
2016-03-20;06:42:00;18:54:00;402;1134;12,20000000000000;2016;3;Mar
2016-03-21;06:40:00;18:56:00;400;1136;12,26666666666670;2016;3;Mar
2016-03-22;06:37:00;18:57:00;397;1137;12,33333333333330;2016;3;Mar
2016-03-23;06:35:00;18:59:00;395;1139;12,40000000000000;2016;3;Mar
2016-03-24;06:33:00;19:01:00;393;1141;12,46666666666670;2016;3;Mar
2016-03-25;06:30:00;19:02:00;390;1142;12,53333333333330;2016;3;Mar
2016-03-26;06:28:00;19:04:00;388;1144;12,60000000000000;2016;3;Mar
2016-03-27;07:26:00;20:06:00;446;1206;12,66666666666670;2016;3;Mar
2016-03-28;07:23:00;20:08:00;443;1208;12,75000000000000;2016;3;Mar
2016-03-29;07:21:00;20:09:00;441;1209;12,80000000000000;2016;3;Mar
2016-03-30;07:19:00;20:11:00;439;1211;12,86666666666670;2016;3;Mar
2016-03-31;07:16:00;20:13:00;436;1213;12,95000000000000;2016;3;Mar
2016-04-01;07:14:00;20:14:00;434;1214;13,00000000000000;2016;4;Apr
2016-04-02;07:12:00;20:16:00;432;1216;13,06666666666670;2016;4;Apr
2016-04-03;07:10:00;20:18:00;430;1218;13,13333333333330;2016;4;Apr
2016-04-04;07:07:00;20:20:00;427;1220;13,21666666666670;2016;4;Apr
2016-04-05;07:05:00;20:21:00;425;1221;13,26666666666670;2016;4;Apr
2016-04-06;07:03:00;20:23:00;423;1223;13,33333333333330;2016;4;Apr
2016-04-07;07:00:00;20:25:00;420;1225;13,41666666666670;2016;4;Apr
2016-04-08;06:58:00;20:26:00;418;1226;13,46666666666670;2016;4;Apr
2016-04-09;06:56:00;20:28:00;416;1228;13,53333333333330;2016;4;Apr
2016-04-10;06:54:00;20:30:00;414;1230;13,60000000000000;2016;4;Apr
2016-04-11;06:52:00;20:32:00;412;1232;13,66666666666670;2016;4;Apr
2016-04-12;06:49:00;20:33:00;409;1233;13,73333333333330;2016;4;Apr
2016-04-13;06:47:00;20:35:00;407;1235;13,80000000000000;2016;4;Apr
2016-04-14;06:45:00;20:37:00;405;1237;13,86666666666670;2016;4;Apr
2016-04-15;06:43:00;20:38:00;403;1238;13,91666666666670;2016;4;Apr
2016-04-16;06:41:00;20:40:00;401;1240;13,98333333333330;2016;4;Apr
2016-04-17;06:38:00;20:42:00;398;1242;14,06666666666670;2016;4;Apr
2016-04-18;06:36:00;20:43:00;396;1243;14,11666666666670;2016;4;Apr
2016-04-19;06:34:00;20:45:00;394;1245;14,18333333333330;2016;4;Apr
2016-04-20;06:32:00;20:47:00;392;1247;14,25000000000000;2016;4;Apr
2016-04-21;06:30:00;20:49:00;390;1249;14,31666666666670;2016;4;Apr
2016-04-22;06:28:00;20:50:00;388;1250;14,36666666666670;2016;4;Apr
2016-04-23;06:26:00;20:52:00;386;1252;14,43333333333330;2016;4;Apr
2016-04-24;06:24:00;20:54:00;384;1254;14,50000000000000;2016;4;Apr
2016-04-25;06:22:00;20:55:00;382;1255;14,55000000000000;2016;4;Apr
2016-04-26;06:20:00;20:57:00;380;1257;14,61666666666670;2016;4;Apr
2016-04-27;06:18:00;20:59:00;378;1259;14,68333333333330;2016;4;Apr
2016-04-28;06:16:00;21:00:00;376;1260;14,73333333333330;2016;4;Apr
2016-04-29;06:14:00;21:02:00;374;1262;14,80000000000000;2016;4;Apr
2016-04-30;06:12:00;21:04:00;372;1264;14,86666666666670;2016;4;Apr
2016-05-01;06:10:00;21:05:00;370;1265;14,91666666666670;2016;5;May
2016-05-02;06:08:00;21:07:00;368;1267;14,98333333333330;2016;5;May
2016-05-03;06:06:00;21:09:00;366;1269;15,05000000000000;2016;5;May
2016-05-04;06:04:00;21:10:00;364;1270;15,10000000000000;2016;5;May
2016-05-05;06:02:00;21:12:00;362;1272;15,16666666666670;2016;5;May
2016-05-06;06:01:00;21:14:00;361;1274;15,21666666666670;2016;5;May
2016-05-07;05:59:00;21:15:00;359;1275;15,26666666666670;2016;5;May
2016-05-08;05:57:00;21:17:00;357;1277;15,33333333333330;2016;5;May
2016-05-09;05:55:00;21:19:00;355;1279;15,40000000000000;2016;5;May
2016-05-10;05:54:00;21:20:00;354;1280;15,43333333333330;2016;5;May
2016-05-11;05:52:00;21:22:00;352;1282;15,50000000000000;2016;5;May
2016-05-12;05:50:00;21:23:00;350;1283;15,55000000000000;2016;5;May
2016-05-13;05:49:00;21:25:00;349;1285;15,60000000000000;2016;5;May
2016-05-14;05:47:00;21:26:00;347;1286;15,65000000000000;2016;5;May
2016-05-15;05:46:00;21:28:00;346;1288;15,70000000000000;2016;5;May
2016-05-16;05:44:00;21:30:00;344;1290;15,76666666666670;2016;5;May
2016-05-17;05:43:00;21:31:00;343;1291;15,80000000000000;2016;5;May
2016-05-18;05:41:00;21:33:00;341;1293;15,86666666666670;2016;5;May
2016-05-19;05:40:00;21:34:00;340;1294;15,90000000000000;2016;5;May
2016-05-20;05:39:00;21:35:00;339;1295;15,93333333333330;2016;5;May
2016-05-21;05:37:00;21:37:00;337;1297;16,00000000000000;2016;5;May
2016-05-22;05:36:00;21:38:00;336;1298;16,03333333333330;2016;5;May
2016-05-23;05:35:00;21:40:00;335;1300;16,08333333333330;2016;5;May
2016-05-24;05:34:00;21:41:00;334;1301;16,11666666666670;2016;5;May
2016-05-25;05:32:00;21:42:00;332;1302;16,16666666666670;2016;5;May
2016-05-26;05:31:00;21:44:00;331;1304;16,21666666666670;2016;5;May
2016-05-27;05:30:00;21:45:00;330;1305;16,25000000000000;2016;5;May
2016-05-28;05:29:00;21:46:00;329;1306;16,28333333333330;2016;5;May
2016-05-29;05:28:00;21:47:00;328;1307;16,31666666666670;2016;5;May
2016-05-30;05:27:00;21:48:00;327;1308;16,35000000000000;2016;5;May
2016-05-31;05:27:00;21:50:00;327;1310;16,38333333333330;2016;5;May
2016-06-01;05:26:00;21:51:00;326;1311;16,41666666666670;2016;6;Jun
2016-06-02;05:25:00;21:52:00;325;1312;16,45000000000000;2016;6;Jun
2016-06-03;05:24:00;21:53:00;324;1313;16,48333333333330;2016;6;Jun
2016-06-04;05:24:00;21:54:00;324;1314;16,50000000000000;2016;6;Jun
2016-06-05;05:23:00;21:55:00;323;1315;16,53333333333330;2016;6;Jun
2016-06-06;05:22:00;21:56:00;322;1316;16,56666666666670;2016;6;Jun
2016-06-07;05:22:00;21:57:00;322;1317;16,58333333333330;2016;6;Jun
2016-06-08;05:21:00;21:57:00;321;1317;16,60000000000000;2016;6;Jun
2016-06-09;05:21:00;21:58:00;321;1318;16,61666666666670;2016;6;Jun
2016-06-10;05:21:00;21:59:00;321;1319;16,63333333333330;2016;6;Jun
2016-06-11;05:20:00;22:00:00;320;1320;16,66666666666670;2016;6;Jun
2016-06-12;05:20:00;22:00:00;320;1320;16,66666666666670;2016;6;Jun
2016-06-13;05:20:00;22:01:00;320;1321;16,68333333333330;2016;6;Jun
2016-06-14;05:20:00;22:01:00;320;1321;16,68333333333330;2016;6;Jun
2016-06-15;05:19:00;22:02:00;319;1322;16,71666666666670;2016;6;Jun
2016-06-16;05:19:00;22:02:00;319;1322;16,71666666666670;2016;6;Jun
2016-06-17;05:19:00;22:03:00;319;1323;16,73333333333330;2016;6;Jun
2016-06-18;05:19:00;22:03:00;319;1323;16,73333333333330;2016;6;Jun
2016-06-19;05:20:00;22:03:00;320;1323;16,71666666666670;2016;6;Jun
2016-06-20;05:20:00;22:04:00;320;1324;16,73333333333330;2016;6;Jun
2016-06-21;05:20:00;22:04:00;320;1324;16,73333333333330;2016;6;Jun
2016-06-22;05:20:00;22:04:00;320;1324;16,73333333333330;2016;6;Jun
2016-06-23;05:20:00;22:04:00;320;1324;16,73333333333330;2016;6;Jun
2016-06-24;05:21:00;22:04:00;321;1324;16,71666666666670;2016;6;Jun
2016-06-25;05:21:00;22:04:00;321;1324;16,71666666666670;2016;6;Jun
2016-06-26;05:22:00;22:04:00;322;1324;16,70000000000000;2016;6;Jun
2016-06-27;05:22:00;22:04:00;322;1324;16,70000000000000;2016;6;Jun
2016-06-28;05:23:00;22:04:00;323;1324;16,68333333333330;2016;6;Jun
2016-06-29;05:23:00;22:03:00;323;1323;16,66666666666670;2016;6;Jun
2016-06-30;05:24:00;22:03:00;324;1323;16,65000000000000;2016;6;Jun
2016-07-01;05:25:00;22:03:00;325;1323;16,63333333333330;2016;7;Jul
2016-07-02;05:25:00;22:02:00;325;1322;16,61666666666670;2016;7;Jul
2016-07-03;05:26:00;22:02:00;326;1322;16,60000000000000;2016;7;Jul
2016-07-04;05:27:00;22:02:00;327;1322;16,58333333333330;2016;7;Jul
2016-07-05;05:28:00;22:01:00;328;1321;16,55000000000000;2016;7;Jul
2016-07-06;05:29:00;22:00:00;329;1320;16,51666666666670;2016;7;Jul
2016-07-07;05:30:00;22:00:00;330;1320;16,50000000000000;2016;7;Jul
2016-07-08;05:31:00;21:59:00;331;1319;16,46666666666670;2016;7;Jul
2016-07-09;05:32:00;21:58:00;332;1318;16,43333333333330;2016;7;Jul
2016-07-10;05:33:00;21:58:00;333;1318;16,41666666666670;2016;7;Jul
2016-07-11;05:34:00;21:57:00;334;1317;16,38333333333330;2016;7;Jul
2016-07-12;05:35:00;21:56:00;335;1316;16,35000000000000;2016;7;Jul
2016-07-13;05:36:00;21:55:00;336;1315;16,31666666666670;2016;7;Jul
2016-07-14;05:37:00;21:54:00;337;1314;16,28333333333330;2016;7;Jul
2016-07-15;05:38:00;21:53:00;338;1313;16,25000000000000;2016;7;Jul
2016-07-16;05:40:00;21:52:00;340;1312;16,20000000000000;2016;7;Jul
2016-07-17;05:41:00;21:51:00;341;1311;16,16666666666670;2016;7;Jul
2016-07-18;05:42:00;21:50:00;342;1310;16,13333333333330;2016;7;Jul
2016-07-19;05:44:00;21:48:00;344;1308;16,06666666666670;2016;7;Jul
2016-07-20;05:45:00;21:47:00;345;1307;16,03333333333330;2016;7;Jul
2016-07-21;05:46:00;21:46:00;346;1306;16,00000000000000;2016;7;Jul
2016-07-22;05:48:00;21:44:00;348;1304;15,93333333333330;2016;7;Jul
2016-07-23;05:49:00;21:43:00;349;1303;15,90000000000000;2016;7;Jul
2016-07-24;05:50:00;21:42:00;350;1302;15,86666666666670;2016;7;Jul
2016-07-25;05:52:00;21:40:00;352;1300;15,80000000000000;2016;7;Jul
2016-07-26;05:53:00;21:39:00;353;1299;15,76666666666670;2016;7;Jul
2016-07-27;05:55:00;21:37:00;355;1297;15,70000000000000;2016;7;Jul
2016-07-28;05:56:00;21:36:00;356;1296;15,66666666666670;2016;7;Jul
2016-07-29;05:58:00;21:34:00;358;1294;15,60000000000000;2016;7;Jul
2016-07-30;05:59:00;21:33:00;359;1293;15,56666666666670;2016;7;Jul
2016-07-31;06:01:00;21:31:00;361;1291;15,50000000000000;2016;7;Jul
2016-08-01;06:02:00;21:29:00;362;1289;15,45000000000000;2016;8;Aug
2016-08-02;06:04:00;21:28:00;364;1288;15,40000000000000;2016;8;Aug
2016-08-03;06:05:00;21:26:00;365;1286;15,35000000000000;2016;8;Aug
2016-08-04;06:07:00;21:24:00;367;1284;15,28333333333330;2016;8;Aug
2016-08-05;06:09:00;21:22:00;369;1282;15,21666666666670;2016;8;Aug
2016-08-06;06:10:00;21:20:00;370;1280;15,16666666666670;2016;8;Aug
2016-08-07;06:12:00;21:19:00;372;1279;15,11666666666670;2016;8;Aug
2016-08-08;06:13:00;21:17:00;373;1277;15,06666666666670;2016;8;Aug
2016-08-09;06:15:00;21:15:00;375;1275;15,00000000000000;2016;8;Aug
2016-08-10;06:17:00;21:13:00;377;1273;14,93333333333330;2016;8;Aug
2016-08-11;06:18:00;21:11:00;378;1271;14,88333333333330;2016;8;Aug
2016-08-12;06:20:00;21:09:00;380;1269;14,81666666666670;2016;8;Aug
2016-08-13;06:21:00;21:07:00;381;1267;14,76666666666670;2016;8;Aug
2016-08-14;06:23:00;21:05:00;383;1265;14,70000000000000;2016;8;Aug
2016-08-15;06:25:00;21:03:00;385;1263;14,63333333333330;2016;8;Aug
2016-08-16;06:26:00;21:01:00;386;1261;14,58333333333330;2016;8;Aug
2016-08-17;06:28:00;20:59:00;388;1259;14,51666666666670;2016;8;Aug
2016-08-18;06:29:00;20:57:00;389;1257;14,46666666666670;2016;8;Aug
2016-08-19;06:31:00;20:55:00;391;1255;14,40000000000000;2016;8;Aug
2016-08-20;06:33:00;20:53:00;393;1253;14,33333333333330;2016;8;Aug
2016-08-21;06:34:00;20:51:00;394;1251;14,28333333333330;2016;8;Aug
2016-08-22;06:36:00;20:48:00;396;1248;14,20000000000000;2016;8;Aug
2016-08-23;06:38:00;20:46:00;398;1246;14,13333333333330;2016;8;Aug
2016-08-24;06:39:00;20:44:00;399;1244;14,08333333333330;2016;8;Aug
2016-08-25;06:41:00;20:42:00;401;1242;14,01666666666670;2016;8;Aug
2016-08-26;06:43:00;20:40:00;403;1240;13,95000000000000;2016;8;Aug
2016-08-27;06:44:00;20:38:00;404;1238;13,90000000000000;2016;8;Aug
2016-08-28;06:46:00;20:35:00;406;1235;13,81666666666670;2016;8;Aug
2016-08-29;06:47:00;20:33:00;407;1233;13,76666666666670;2016;8;Aug
2016-08-30;06:49:00;20:31:00;409;1231;13,70000000000000;2016;8;Aug
2016-08-31;06:51:00;20:29:00;411;1229;13,63333333333330;2016;8;Aug
2016-09-01;06:52:00;20:26:00;412;1226;13,56666666666670;2016;9;Sep
2016-09-02;06:54:00;20:24:00;414;1224;13,50000000000000;2016;9;Sep
2016-09-03;06:56:00;20:22:00;416;1222;13,43333333333330;2016;9;Sep
2016-09-04;06:57:00;20:19:00;417;1219;13,36666666666670;2016;9;Sep
2016-09-05;06:59:00;20:17:00;419;1217;13,30000000000000;2016;9;Sep
2016-09-06;07:00:00;20:15:00;420;1215;13,25000000000000;2016;9;Sep
2016-09-07;07:02:00;20:13:00;422;1213;13,18333333333330;2016;9;Sep
2016-09-08;07:04:00;20:10:00;424;1210;13,10000000000000;2016;9;Sep
2016-09-09;07:05:00;20:08:00;425;1208;13,05000000000000;2016;9;Sep
2016-09-10;07:07:00;20:06:00;427;1206;12,98333333333330;2016;9;Sep
2016-09-11;07:09:00;20:03:00;429;1203;12,90000000000000;2016;9;Sep
2016-09-12;07:10:00;20:01:00;430;1201;12,85000000000000;2016;9;Sep
2016-09-13;07:12:00;19:59:00;432;1199;12,78333333333330;2016;9;Sep
2016-09-14;07:13:00;19:56:00;433;1196;12,71666666666670;2016;9;Sep
2016-09-15;07:15:00;19:54:00;435;1194;12,65000000000000;2016;9;Sep
2016-09-16;07:17:00;19:52:00;437;1192;12,58333333333330;2016;9;Sep
2016-09-17;07:18:00;19:49:00;438;1189;12,51666666666670;2016;9;Sep
2016-09-18;07:20:00;19:47:00;440;1187;12,45000000000000;2016;9;Sep
2016-09-19;07:22:00;19:45:00;442;1185;12,38333333333330;2016;9;Sep
2016-09-20;07:23:00;19:42:00;443;1182;12,31666666666670;2016;9;Sep
2016-09-21;07:25:00;19:40:00;445;1180;12,25000000000000;2016;9;Sep
2016-09-22;07:26:00;19:38:00;446;1178;12,20000000000000;2016;9;Sep
2016-09-23;07:28:00;19:35:00;448;1175;12,11666666666670;2016;9;Sep
2016-09-24;07:30:00;19:33:00;450;1173;12,05000000000000;2016;9;Sep
2016-09-25;07:31:00;19:31:00;451;1171;12,00000000000000;2016;9;Sep
2016-09-26;07:33:00;19:28:00;453;1168;11,91666666666670;2016;9;Sep
2016-09-27;07:35:00;19:26:00;455;1166;11,85000000000000;2016;9;Sep
2016-09-28;07:36:00;19:24:00;456;1164;11,80000000000000;2016;9;Sep
2016-09-29;07:38:00;19:21:00;458;1161;11,71666666666670;2016;9;Sep
2016-09-30;07:40:00;19:19:00;460;1159;11,65000000000000;2016;9;Sep
2016-10-01;07:41:00;19:17:00;461;1157;11,60000000000000;2016;10;Oct
2016-10-02;07:43:00;19:14:00;463;1154;11,51666666666670;2016;10;Oct
2016-10-03;07:45:00;19:12:00;465;1152;11,45000000000000;2016;10;Oct
2016-10-04;07:46:00;19:10:00;466;1150;11,40000000000000;2016;10;Oct
2016-10-05;07:48:00;19:07:00;468;1147;11,31666666666670;2016;10;Oct
2016-10-06;07:50:00;19:05:00;470;1145;11,25000000000000;2016;10;Oct
2016-10-07;07:52:00;19:03:00;472;1143;11,18333333333330;2016;10;Oct
2016-10-08;07:53:00;19:01:00;473;1141;11,13333333333330;2016;10;Oct
2016-10-09;07:55:00;18:58:00;475;1138;11,05000000000000;2016;10;Oct
2016-10-10;07:57:00;18:56:00;477;1136;10,98333333333330;2016;10;Oct
2016-10-11;07:58:00;18:54:00;478;1134;10,93333333333330;2016;10;Oct
2016-10-12;08:00:00;18:52:00;480;1132;10,86666666666670;2016;10;Oct
2016-10-13;08:02:00;18:50:00;482;1130;10,80000000000000;2016;10;Oct
2016-10-14;08:04:00;18:47:00;484;1127;10,71666666666670;2016;10;Oct
2016-10-15;08:05:00;18:45:00;485;1125;10,66666666666670;2016;10;Oct
2016-10-16;08:07:00;18:43:00;487;1123;10,60000000000000;2016;10;Oct
2016-10-17;08:09:00;18:41:00;489;1121;10,53333333333330;2016;10;Oct
2016-10-18;08:10:00;18:39:00;490;1119;10,48333333333330;2016;10;Oct
2016-10-19;08:12:00;18:37:00;492;1117;10,41666666666670;2016;10;Oct
2016-10-20;08:14:00;18:35:00;494;1115;10,35000000000000;2016;10;Oct
2016-10-21;08:16:00;18:33:00;496;1113;10,28333333333330;2016;10;Oct
2016-10-22;08:18:00;18:30:00;498;1110;10,20000000000000;2016;10;Oct
2016-10-23;08:19:00;18:28:00;499;1108;10,15000000000000;2016;10;Oct
2016-10-24;08:21:00;18:26:00;501;1106;10,08333333333330;2016;10;Oct
2016-10-25;08:23:00;18:24:00;503;1104;10,01666666666670;2016;10;Oct
2016-10-26;08:25:00;18:22:00;505;1102;9,95000000000000;2016;10;Oct
2016-10-27;08:26:00;18:20:00;506;1100;9,90000000000000;2016;10;Oct
2016-10-28;08:28:00;18:18:00;508;1098;9,83333333333333;2016;10;Oct
2016-10-29;08:30:00;18:17:00;510;1097;9,78333333333333;2016;10;Oct
2016-10-30;07:32:00;17:15:00;452;1035;9,71666666666667;2016;10;Oct
2016-10-31;07:34:00;17:13:00;454;1033;9,65000000000000;2016;10;Oct
2016-11-01;07:35:00;17:11:00;455;1031;9,60000000000000;2016;11;Nov
2016-11-02;07:37:00;17:09:00;457;1029;9,53333333333333;2016;11;Nov
2016-11-03;07:39:00;17:07:00;459;1027;9,46666666666667;2016;11;Nov
2016-11-04;07:41:00;17:06:00;461;1026;9,41666666666667;2016;11;Nov
2016-11-05;07:43:00;17:04:00;463;1024;9,35000000000000;2016;11;Nov
2016-11-06;07:44:00;17:02:00;464;1022;9,30000000000000;2016;11;Nov
2016-11-07;07:46:00;17:00:00;466;1020;9,23333333333333;2016;11;Nov
2016-11-08;07:48:00;16:59:00;468;1019;9,18333333333333;2016;11;Nov
2016-11-09;07:50:00;16:57:00;470;1017;9,11666666666667;2016;11;Nov
2016-11-10;07:52:00;16:56:00;472;1016;9,06666666666667;2016;11;Nov
2016-11-11;07:53:00;16:54:00;473;1014;9,01666666666667;2016;11;Nov
2016-11-12;07:55:00;16:53:00;475;1013;8,96666666666667;2016;11;Nov
2016-11-13;07:57:00;16:51:00;477;1011;8,90000000000000;2016;11;Nov
2016-11-14;07:59:00;16:50:00;479;1010;8,85000000000000;2016;11;Nov
2016-11-15;08:00:00;16:48:00;480;1008;8,80000000000000;2016;11;Nov
2016-11-16;08:02:00;16:47:00;482;1007;8,75000000000000;2016;11;Nov
2016-11-17;08:04:00;16:46:00;484;1006;8,70000000000000;2016;11;Nov
2016-11-18;08:06:00;16:44:00;486;1004;8,63333333333333;2016;11;Nov
2016-11-19;08:07:00;16:43:00;487;1003;8,60000000000000;2016;11;Nov
2016-11-20;08:09:00;16:42:00;489;1002;8,55000000000000;2016;11;Nov
2016-11-21;08:11:00;16:41:00;491;1001;8,50000000000000;2016;11;Nov
2016-11-22;08:12:00;16:40:00;492;1000;8,46666666666667;2016;11;Nov
2016-11-23;08:14:00;16:39:00;494;999;8,41666666666667;2016;11;Nov
2016-11-24;08:15:00;16:38:00;495;998;8,38333333333333;2016;11;Nov
2016-11-25;08:17:00;16:37:00;497;997;8,33333333333333;2016;11;Nov
2016-11-26;08:19:00;16:36:00;499;996;8,28333333333333;2016;11;Nov
2016-11-27;08:20:00;16:35:00;500;995;8,25000000000000;2016;11;Nov
2016-11-28;08:22:00;16:34:00;502;994;8,20000000000000;2016;11;Nov
2016-11-29;08:23:00;16:33:00;503;993;8,16666666666667;2016;11;Nov
2016-11-30;08:25:00;16:33:00;505;993;8,13333333333333;2016;11;Nov
2016-12-01;08:26:00;16:32:00;506;992;8,10000000000000;2016;12;Dec
2016-12-02;08:27:00;16:31:00;507;991;8,06666666666667;2016;12;Dec
2016-12-03;08:29:00;16:31:00;509;991;8,03333333333333;2016;12;Dec
2016-12-04;08:30:00;16:30:00;510;990;8,00000000000000;2016;12;Dec
2016-12-05;08:31:00;16:30:00;511;990;7,98333333333333;2016;12;Dec
2016-12-06;08:33:00;16:29:00;513;989;7,93333333333333;2016;12;Dec
2016-12-07;08:34:00;16:29:00;514;989;7,91666666666667;2016;12;Dec
2016-12-08;08:35:00;16:29:00;515;989;7,90000000000000;2016;12;Dec
2016-12-09;08:36:00;16:29:00;516;989;7,88333333333333;2016;12;Dec
2016-12-10;08:37:00;16:29:00;517;989;7,86666666666667;2016;12;Dec
2016-12-11;08:38:00;16:28:00;518;988;7,83333333333333;2016;12;Dec
2016-12-12;08:39:00;16:28:00;519;988;7,81666666666667;2016;12;Dec
2016-12-13;08:40:00;16:28:00;520;988;7,80000000000000;2016;12;Dec
2016-12-14;08:41:00;16:28:00;521;988;7,78333333333333;2016;12;Dec
2016-12-15;08:42:00;16:29:00;522;989;7,78333333333333;2016;12;Dec
2016-12-16;08:43:00;16:29:00;523;989;7,76666666666667;2016;12;Dec
2016-12-17;08:44:00;16:29:00;524;989;7,75000000000000;2016;12;Dec
2016-12-18;08:44:00;16:29:00;524;989;7,75000000000000;2016;12;Dec
2016-12-19;08:45:00;16:30:00;525;990;7,75000000000000;2016;12;Dec
2016-12-20;08:45:00;16:30:00;525;990;7,75000000000000;2016;12;Dec
2016-12-21;08:46:00;16:31:00;526;991;7,75000000000000;2016;12;Dec
2016-12-22;08:46:00;16:31:00;526;991;7,75000000000000;2016;12;Dec
2016-12-23;08:47:00;16:32:00;527;992;7,75000000000000;2016;12;Dec
2016-12-24;08:47:00;16:32:00;527;992;7,75000000000000;2016;12;Dec
2016-12-25;08:48:00;16:33:00;528;993;7,75000000000000;2016;12;Dec
2016-12-26;08:48:00;16:34:00;528;994;7,76666666666667;2016;12;Dec
2016-12-27;08:48:00;16:35:00;528;995;7,78333333333333;2016;12;Dec
2016-12-28;08:48:00;16:36:00;528;996;7,80000000000000;2016;12;Dec
2016-12-29;08:48:00;16:36:00;528;996;7,80000000000000;2016;12;Dec
2016-12-30;08:48:00;16:37:00;528;997;7,81666666666667;2016;12;Dec
2016-12-31;08:48:00;16:38:00;528;998;7,83333333333333;2016;12;Dec
2017-01-01;08:48:00;16:39:00;528;999;7,85000000000000;2017;1;Jan
2017-01-02;08:48:00;16:41:00;528;1001;7,88333333333333;2017;1;Jan
2017-01-03;08:48:00;16:42:00;528;1002;7,90000000000000;2017;1;Jan
2017-01-04;08:47:00;16:43:00;527;1003;7,93333333333333;2017;1;Jan
2017-01-05;08:47:00;16:44:00;527;1004;7,95000000000000;2017;1;Jan
2017-01-06;08:47:00;16:45:00;527;1005;7,96666666666667;2017;1;Jan
2017-01-07;08:46:00;16:47:00;526;1007;8,01666666666667;2017;1;Jan
2017-01-08;08:46:00;16:48:00;526;1008;8,03333333333333;2017;1;Jan
2017-01-09;08:45:00;16:49:00;525;1009;8,06666666666667;2017;1;Jan
2017-01-10;08:45:00;16:51:00;525;1011;8,10000000000000;2017;1;Jan
2017-01-11;08:44:00;16:52:00;524;1012;8,13333333333333;2017;1;Jan
2017-01-12;08:43:00;16:54:00;523;1014;8,18333333333333;2017;1;Jan
2017-01-13;08:43:00;16:55:00;523;1015;8,20000000000000;2017;1;Jan
2017-01-14;08:42:00;16:57:00;522;1017;8,25000000000000;2017;1;Jan
2017-01-15;08:41:00;16:58:00;521;1018;8,28333333333333;2017;1;Jan
2017-01-16;08:40:00;17:00:00;520;1020;8,33333333333333;2017;1;Jan
2017-01-17;08:39:00;17:02:00;519;1022;8,38333333333333;2017;1;Jan
2017-01-18;08:38:00;17:03:00;518;1023;8,41666666666667;2017;1;Jan
2017-01-19;08:37:00;17:05:00;517;1025;8,46666666666667;2017;1;Jan
2017-01-20;08:36:00;17:07:00;516;1027;8,51666666666667;2017;1;Jan
2017-01-21;08:35:00;17:08:00;515;1028;8,55000000000000;2017;1;Jan
2017-01-22;08:34:00;17:10:00;514;1030;8,60000000000000;2017;1;Jan
2017-01-23;08:32:00;17:12:00;512;1032;8,66666666666667;2017;1;Jan
2017-01-24;08:31:00;17:14:00;511;1034;8,71666666666667;2017;1;Jan
2017-01-25;08:30:00;17:15:00;510;1035;8,75000000000000;2017;1;Jan
2017-01-26;08:29:00;17:17:00;509;1037;8,80000000000000;2017;1;Jan
2017-01-27;08:27:00;17:19:00;507;1039;8,86666666666667;2017;1;Jan
2017-01-28;08:26:00;17:21:00;506;1041;8,91666666666667;2017;1;Jan
2017-01-29;08:24:00;17:23:00;504;1043;8,98333333333333;2017;1;Jan
2017-01-30;08:23:00;17:24:00;503;1044;9,01666666666667;2017;1;Jan
2017-01-31;08:21:00;17:26:00;501;1046;9,08333333333333;2017;1;Jan
2017-02-01;08:20:00;17:28:00;500;1048;9,13333333333333;2017;2;Feb
2017-02-02;08:18:00;17:30:00;498;1050;9,20000000000000;2017;2;Feb
2017-02-03;08:16:00;17:32:00;496;1052;9,26666666666667;2017;2;Feb
2017-02-04;08:15:00;17:34:00;495;1054;9,31666666666667;2017;2;Feb
2017-02-05;08:13:00;17:36:00;493;1056;9,38333333333333;2017;2;Feb
2017-02-06;08:11:00;17:37:00;491;1057;9,43333333333333;2017;2;Feb
2017-02-07;08:10:00;17:39:00;490;1059;9,48333333333333;2017;2;Feb
2017-02-08;08:08:00;17:41:00;488;1061;9,55000000000000;2017;2;Feb
2017-02-09;08:06:00;17:43:00;486;1063;9,61666666666667;2017;2;Feb
2017-02-10;08:04:00;17:45:00;484;1065;9,68333333333333;2017;2;Feb
2017-02-11;08:02:00;17:47:00;482;1067;9,75000000000000;2017;2;Feb
2017-02-12;08:01:00;17:49:00;481;1069;9,80000000000000;2017;2;Feb
2017-02-13;07:59:00;17:51:00;479;1071;9,86666666666667;2017;2;Feb
2017-02-14;07:57:00;17:52:00;477;1072;9,91666666666667;2017;2;Feb
2017-02-15;07:55:00;17:54:00;475;1074;9,98333333333333;2017;2;Feb
2017-02-16;07:53:00;17:56:00;473;1076;10,05000000000000;2017;2;Feb
2017-02-17;07:51:00;17:58:00;471;1078;10,11666666666670;2017;2;Feb
2017-02-18;07:49:00;18:00:00;469;1080;10,18333333333330;2017;2;Feb
2017-02-19;07:47:00;18:02:00;467;1082;10,25000000000000;2017;2;Feb
2017-02-20;07:45:00;18:03:00;465;1083;10,30000000000000;2017;2;Feb
2017-02-21;07:43:00;18:05:00;463;1085;10,36666666666670;2017;2;Feb
2017-02-22;07:41:00;18:07:00;461;1087;10,43333333333330;2017;2;Feb
2017-02-23;07:38:00;18:09:00;458;1089;10,51666666666670;2017;2;Feb
2017-02-24;07:36:00;18:11:00;456;1091;10,58333333333330;2017;2;Feb
2017-02-25;07:34:00;18:13:00;454;1093;10,65000000000000;2017;2;Feb
2017-02-26;07:32:00;18:14:00;452;1094;10,70000000000000;2017;2;Feb
2017-02-27;07:30:00;18:16:00;450;1096;10,76666666666670;2017;2;Feb
2017-02-28;07:28:00;18:18:00;448;1098;10,83333333333330;2017;2;Feb
2017-03-01;07:26:00;18:20:00;446;1100;10,90000000000000;2017;3;Mar
2017-03-02;07:23:00;18:22:00;443;1102;10,98333333333330;2017;3;Mar
2017-03-03;07:21:00;18:23:00;441;1103;11,03333333333330;2017;3;Mar
2017-03-04;07:19:00;18:25:00;439;1105;11,10000000000000;2017;3;Mar
2017-03-05;07:17:00;18:27:00;437;1107;11,16666666666670;2017;3;Mar
2017-03-06;07:14:00;18:29:00;434;1109;11,25000000000000;2017;3;Mar
2017-03-07;07:12:00;18:31:00;432;1111;11,31666666666670;2017;3;Mar
2017-03-08;07:10:00;18:32:00;430;1112;11,36666666666670;2017;3;Mar
2017-03-09;07:08:00;18:34:00;428;1114;11,43333333333330;2017;3;Mar
2017-03-10;07:05:00;18:36:00;425;1116;11,51666666666670;2017;3;Mar
2017-03-11;07:03:00;18:38:00;423;1118;11,58333333333330;2017;3;Mar
2017-03-12;07:01:00;18:39:00;421;1119;11,63333333333330;2017;3;Mar
2017-03-13;06:59:00;18:41:00;419;1121;11,70000000000000;2017;3;Mar
2017-03-14;06:56:00;18:43:00;416;1123;11,78333333333330;2017;3;Mar
2017-03-15;06:54:00;18:45:00;414;1125;11,85000000000000;2017;3;Mar
2017-03-16;06:52:00;18:46:00;412;1126;11,90000000000000;2017;3;Mar
2017-03-17;06:49:00;18:48:00;409;1128;11,98333333333330;2017;3;Mar
2017-03-18;06:47:00;18:50:00;407;1130;12,05000000000000;2017;3;Mar
2017-03-19;06:45:00;18:52:00;405;1132;12,11666666666670;2017;3;Mar
2017-03-20;06:42:00;18:53:00;402;1133;12,18333333333330;2017;3;Mar
2017-03-21;06:40:00;18:55:00;400;1135;12,25000000000000;2017;3;Mar
2017-03-22;06:38:00;18:57:00;398;1137;12,31666666666670;2017;3;Mar
2017-03-23;06:36:00;18:59:00;396;1139;12,38333333333330;2017;3;Mar
2017-03-24;06:33:00;19:00:00;393;1140;12,45000000000000;2017;3;Mar
2017-03-25;06:31:00;19:02:00;391;1142;12,51666666666670;2017;3;Mar
2017-03-26;07:29:00;20:04:00;449;1204;12,58333333333330;2017;3;Mar
2017-03-27;07:26:00;20:05:00;446;1205;12,65000000000000;2017;3;Mar
2017-03-28;07:24:00;20:07:00;444;1207;12,71666666666670;2017;3;Mar
2017-03-29;07:22:00;20:09:00;442;1209;12,78333333333330;2017;3;Mar
2017-03-30;07:19:00;20:11:00;439;1211;12,86666666666670;2017;3;Mar
2017-03-31;07:17:00;20:12:00;437;1212;12,91666666666670;2017;3;Mar
2017-04-01;07:15:00;20:14:00;435;1214;12,98333333333330;2017;4;Apr
2017-04-02;07:12:00;20:16:00;432;1216;13,06666666666670;2017;4;Apr
2017-04-03;07:10:00;20:17:00;430;1217;13,11666666666670;2017;4;Apr
2017-04-04;07:08:00;20:19:00;428;1219;13,18333333333330;2017;4;Apr
2017-04-05;07:06:00;20:21:00;426;1221;13,25000000000000;2017;4;Apr
2017-04-06;07:03:00;20:23:00;423;1223;13,33333333333330;2017;4;Apr
2017-04-07;07:01:00;20:24:00;421;1224;13,38333333333330;2017;4;Apr
2017-04-08;06:59:00;20:26:00;419;1226;13,45000000000000;2017;4;Apr
2017-04-09;06:57:00;20:28:00;417;1228;13,51666666666670;2017;4;Apr
2017-04-10;06:54:00;20:29:00;414;1229;13,58333333333330;2017;4;Apr
2017-04-11;06:52:00;20:31:00;412;1231;13,65000000000000;2017;4;Apr
2017-04-12;06:50:00;20:33:00;410;1233;13,71666666666670;2017;4;Apr
2017-04-13;06:48:00;20:34:00;408;1234;13,76666666666670;2017;4;Apr
2017-04-14;06:45:00;20:36:00;405;1236;13,85000000000000;2017;4;Apr
2017-04-15;06:43:00;20:38:00;403;1238;13,91666666666670;2017;4;Apr
2017-04-16;06:41:00;20:40:00;401;1240;13,98333333333330;2017;4;Apr
2017-04-17;06:39:00;20:41:00;399;1241;14,03333333333330;2017;4;Apr
2017-04-18;06:37:00;20:43:00;397;1243;14,10000000000000;2017;4;Apr
2017-04-19;06:35:00;20:45:00;395;1245;14,16666666666670;2017;4;Apr
2017-04-20;06:32:00;20:46:00;392;1246;14,23333333333330;2017;4;Apr
2017-04-21;06:30:00;20:48:00;390;1248;14,30000000000000;2017;4;Apr
2017-04-22;06:28:00;20:50:00;388;1250;14,36666666666670;2017;4;Apr
2017-04-23;06:26:00;20:52:00;386;1252;14,43333333333330;2017;4;Apr
2017-04-24;06:24:00;20:53:00;384;1253;14,48333333333330;2017;4;Apr
2017-04-25;06:22:00;20:55:00;382;1255;14,55000000000000;2017;4;Apr
2017-04-26;06:20:00;20:57:00;380;1257;14,61666666666670;2017;4;Apr
2017-04-27;06:18:00;20:59:00;378;1259;14,68333333333330;2017;4;Apr
2017-04-28;06:16:00;21:00:00;376;1260;14,73333333333330;2017;4;Apr
2017-04-29;06:14:00;21:02:00;374;1262;14,80000000000000;2017;4;Apr
2017-04-30;06:12:00;21:03:00;372;1263;14,85000000000000;2017;4;Apr
2017-05-01;06:10:00;21:05:00;370;1265;14,91666666666670;2017;5;May
2017-05-02;06:08:00;21:07:00;368;1267;14,98333333333330;2017;5;May
2017-05-03;06:06:00;21:08:00;366;1268;15,03333333333330;2017;5;May
2017-05-04;06:05:00;21:10:00;365;1270;15,08333333333330;2017;5;May
2017-05-05;06:03:00;21:12:00;363;1272;15,15000000000000;2017;5;May
2017-05-06;06:01:00;21:13:00;361;1273;15,20000000000000;2017;5;May
2017-05-07;05:59:00;21:15:00;359;1275;15,26666666666670;2017;5;May
2017-05-08;05:57:00;21:17:00;357;1277;15,33333333333330;2017;5;May
2017-05-09;05:56:00;21:18:00;356;1278;15,36666666666670;2017;5;May
2017-05-10;05:54:00;21:20:00;354;1280;15,43333333333330;2017;5;May
2017-05-11;05:52:00;21:21:00;352;1281;15,48333333333330;2017;5;May
2017-05-12;05:51:00;21:23:00;351;1283;15,53333333333330;2017;5;May
2017-05-13;05:49:00;21:25:00;349;1285;15,60000000000000;2017;5;May
2017-05-14;05:48:00;21:26:00;348;1286;15,63333333333330;2017;5;May
2017-05-15;05:46:00;21:28:00;346;1288;15,70000000000000;2017;5;May
2017-05-16;05:45:00;21:29:00;345;1289;15,73333333333330;2017;5;May
2017-05-17;05:43:00;21:31:00;343;1291;15,80000000000000;2017;5;May
2017-05-18;05:42:00;21:32:00;342;1292;15,83333333333330;2017;5;May
2017-05-19;05:40:00;21:34:00;340;1294;15,90000000000000;2017;5;May
2017-05-20;05:39:00;21:35:00;339;1295;15,93333333333330;2017;5;May
2017-05-21;05:38:00;21:37:00;338;1297;15,98333333333330;2017;5;May
2017-05-22;05:36:00;21:38:00;336;1298;16,03333333333330;2017;5;May
2017-05-23;05:35:00;21:39:00;335;1299;16,06666666666670;2017;5;May
2017-05-24;05:34:00;21:41:00;334;1301;16,11666666666670;2017;5;May
2017-05-25;05:33:00;21:42:00;333;1302;16,15000000000000;2017;5;May
2017-05-26;05:32:00;21:43:00;332;1303;16,18333333333330;2017;5;May
2017-05-27;05:31:00;21:45:00;331;1305;16,23333333333330;2017;5;May
2017-05-28;05:30:00;21:46:00;330;1306;16,26666666666670;2017;5;May
2017-05-29;05:29:00;21:47:00;329;1307;16,30000000000000;2017;5;May
2017-05-30;05:28:00;21:48:00;328;1308;16,33333333333330;2017;5;May
2017-05-31;05:27:00;21:49:00;327;1309;16,36666666666670;2017;5;May
2017-06-01;05:26:00;21:50:00;326;1310;16,40000000000000;2017;6;Jun
2017-06-02;05:25:00;21:52:00;325;1312;16,45000000000000;2017;6;Jun
2017-06-03;05:24:00;21:53:00;324;1313;16,48333333333330;2017;6;Jun
2017-06-04;05:24:00;21:54:00;324;1314;16,50000000000000;2017;6;Jun
2017-06-05;05:23:00;21:55:00;323;1315;16,53333333333330;2017;6;Jun
2017-06-06;05:22:00;21:55:00;322;1315;16,55000000000000;2017;6;Jun
2017-06-07;05:22:00;21:56:00;322;1316;16,56666666666670;2017;6;Jun
2017-06-08;05:21:00;21:57:00;321;1317;16,60000000000000;2017;6;Jun
2017-06-09;05:21:00;21:58:00;321;1318;16,61666666666670;2017;6;Jun
2017-06-10;05:21:00;21:59:00;321;1319;16,63333333333330;2017;6;Jun
2017-06-11;05:20:00;21:59:00;320;1319;16,65000000000000;2017;6;Jun
2017-06-12;05:20:00;22:00:00;320;1320;16,66666666666670;2017;6;Jun
2017-06-13;05:20:00;22:01:00;320;1321;16,68333333333330;2017;6;Jun
2017-06-14;05:20:00;22:01:00;320;1321;16,68333333333330;2017;6;Jun
2017-06-15;05:19:00;22:02:00;319;1322;16,71666666666670;2017;6;Jun
2017-06-16;05:19:00;22:02:00;319;1322;16,71666666666670;2017;6;Jun
2017-06-17;05:19:00;22:03:00;319;1323;16,73333333333330;2017;6;Jun
2017-06-18;05:19:00;22:03:00;319;1323;16,73333333333330;2017;6;Jun
2017-06-19;05:20:00;22:03:00;320;1323;16,71666666666670;2017;6;Jun
2017-06-20;05:20:00;22:04:00;320;1324;16,73333333333330;2017;6;Jun
2017-06-21;05:20:00;22:04:00;320;1324;16,73333333333330;2017;6;Jun
2017-06-22;05:20:00;22:04:00;320;1324;16,73333333333330;2017;6;Jun
2017-06-23;05:20:00;22:04:00;320;1324;16,73333333333330;2017;6;Jun
2017-06-24;05:21:00;22:04:00;321;1324;16,71666666666670;2017;6;Jun
2017-06-25;05:21:00;22:04:00;321;1324;16,71666666666670;2017;6;Jun
2017-06-26;05:22:00;22:04:00;322;1324;16,70000000000000;2017;6;Jun
2017-06-27;05:22:00;22:04:00;322;1324;16,70000000000000;2017;6;Jun
2017-06-28;05:23:00;22:04:00;323;1324;16,68333333333330;2017;6;Jun
2017-06-29;05:23:00;22:03:00;323;1323;16,66666666666670;2017;6;Jun
2017-06-30;05:24:00;22:03:00;324;1323;16,65000000000000;2017;6;Jun
2017-07-01;05:24:00;22:03:00;324;1323;16,65000000000000;2017;7;Jul
2017-07-02;05:25:00;22:03:00;325;1323;16,63333333333330;2017;7;Jul
2017-07-03;05:26:00;22:02:00;326;1322;16,60000000000000;2017;7;Jul
2017-07-04;05:27:00;22:02:00;327;1322;16,58333333333330;2017;7;Jul
2017-07-05;05:28:00;22:01:00;328;1321;16,55000000000000;2017;7;Jul
2017-07-06;05:29:00;22:01:00;329;1321;16,53333333333330;2017;7;Jul
2017-07-07;05:29:00;22:00:00;329;1320;16,51666666666670;2017;7;Jul
2017-07-08;05:30:00;21:59:00;330;1319;16,48333333333330;2017;7;Jul
2017-07-09;05:31:00;21:59:00;331;1319;16,46666666666670;2017;7;Jul
2017-07-10;05:32:00;21:58:00;332;1318;16,43333333333330;2017;7;Jul
2017-07-11;05:34:00;21:57:00;334;1317;16,38333333333330;2017;7;Jul
2017-07-12;05:36:00;21:56:00;336;1316;16,33333333333330;2017;7;Jul
2017-07-13;05:36:00;21:55:00;336;1315;16,31666666666670;2017;7;Jul
2017-07-14;05:37:00;21:54:00;337;1314;16,28333333333330;2017;7;Jul
2017-07-15;05:38:00;21:53:00;338;1313;16,25000000000000;2017;7;Jul
2017-07-16;05:39:00;21:52:00;339;1312;16,21666666666670;2017;7;Jul
2017-07-17;05:41:00;21:51:00;341;1311;16,16666666666670;2017;7;Jul
2017-07-18;05:42:00;21:50:00;342;1310;16,13333333333330;2017;7;Jul
2017-07-19;05:43:00;21:49:00;343;1309;16,10000000000000;2017;7;Jul
2017-07-20;05:45:00;21:47:00;345;1307;16,03333333333330;2017;7;Jul
2017-07-21;05:46:00;21:46:00;346;1306;16,00000000000000;2017;7;Jul
2017-07-22;05:47:00;21:45:00;347;1305;15,96666666666670;2017;7;Jul
2017-07-23;05:49:00;21:43:00;349;1303;15,90000000000000;2017;7;Jul
2017-07-24;05:50:00;21:42:00;350;1302;15,86666666666670;2017;7;Jul
2017-07-25;05:52:00;21:41:00;352;1301;15,81666666666670;2017;7;Jul
2017-07-26;05:53:00;21:39:00;353;1299;15,76666666666670;2017;7;Jul
2017-07-27;05:54:00;21:38:00;354;1298;15,73333333333330;2017;7;Jul
2017-07-28;05:56:00;21:36:00;356;1296;15,66666666666670;2017;7;Jul
2017-07-29;05:57:00;21:35:00;357;1295;15,63333333333330;2017;7;Jul
2017-07-30;05:59:00;21:33:00;359;1293;15,56666666666670;2017;7;Jul
2017-07-31;06:00:00;21:31:00;360;1291;15,51666666666670;2017;7;Jul
2017-08-01;06:02:00;21:30:00;362;1290;15,46666666666670;2017;8;Aug
2017-08-02;06:04:00;21:28:00;364;1288;15,40000000000000;2017;8;Aug
2017-08-03;06:05:00;21:26:00;365;1286;15,35000000000000;2017;8;Aug
2017-08-04;06:07:00;21:24:00;367;1284;15,28333333333330;2017;8;Aug
2017-08-05;06:08:00;21:23:00;368;1283;15,25000000000000;2017;8;Aug
2017-08-06;06:10:00;21:21:00;370;1281;15,18333333333330;2017;8;Aug
2017-08-07;06:11:00;21:19:00;371;1279;15,13333333333330;2017;8;Aug
2017-08-08;06:13:00;21:17:00;373;1277;15,06666666666670;2017;8;Aug
2017-08-09;06:15:00;21:15:00;375;1275;15,00000000000000;2017;8;Aug
2017-08-10;06:16:00;21:13:00;376;1273;14,95000000000000;2017;8;Aug
2017-08-11;06:18:00;21:11:00;378;1271;14,88333333333330;2017;8;Aug
2017-08-12;06:19:00;21:10:00;379;1270;14,85000000000000;2017;8;Aug
2017-08-13;06:21:00;21:08:00;381;1268;14,78333333333330;2017;8;Aug
2017-08-14;06:23:00;21:06:00;383;1266;14,71666666666670;2017;8;Aug
2017-08-15;06:24:00;21:04:00;384;1264;14,66666666666670;2017;8;Aug
2017-08-16;06:26:00;21:02:00;386;1262;14,60000000000000;2017;8;Aug
2017-08-17;06:27:00;20:59:00;387;1259;14,53333333333330;2017;8;Aug
2017-08-18;06:29:00;20:57:00;389;1257;14,46666666666670;2017;8;Aug
2017-08-19;06:31:00;20:55:00;391;1255;14,40000000000000;2017;8;Aug
2017-08-20;06:32:00;20:53:00;392;1253;14,35000000000000;2017;8;Aug
2017-08-21;06:34:00;20:51:00;394;1251;14,28333333333330;2017;8;Aug
2017-08-22;06:36:00;20:49:00;396;1249;14,21666666666670;2017;8;Aug
2017-08-23;06:37:00;20:47:00;397;1247;14,16666666666670;2017;8;Aug
2017-08-24;06:39:00;20:45:00;399;1245;14,10000000000000;2017;8;Aug
2017-08-25;06:41:00;20:42:00;401;1242;14,01666666666670;2017;8;Aug
2017-08-26;06:42:00;20:40:00;402;1240;13,96666666666670;2017;8;Aug
2017-08-27;06:44:00;20:38:00;404;1238;13,90000000000000;2017;8;Aug
2017-08-28;06:45:00;20:36:00;405;1236;13,85000000000000;2017;8;Aug
2017-08-29;06:47:00;20:34:00;407;1234;13,78333333333330;2017;8;Aug
2017-08-30;06:49:00;20:31:00;409;1231;13,70000000000000;2017;8;Aug
2017-08-31;06:50:00;20:29:00;410;1229;13,65000000000000;2017;8;Aug
2017-09-01;06:52:00;20:27:00;412;1227;13,58333333333330;2017;9;Sep
2017-09-02;06:54:00;20:25:00;414;1225;13,51666666666670;2017;9;Sep
2017-09-03;06:55:00;20:22:00;415;1222;13,45000000000000;2017;9;Sep
2017-09-04;06:57:00;20:20:00;417;1220;13,38333333333330;2017;9;Sep
2017-09-05;06:58:00;20:18:00;418;1218;13,33333333333330;2017;9;Sep
2017-09-06;07:00:00;20:15:00;420;1215;13,25000000000000;2017;9;Sep
2017-09-07;07:02:00;20:13:00;422;1213;13,18333333333330;2017;9;Sep
2017-09-08;07:03:00;20:11:00;423;1211;13,13333333333330;2017;9;Sep
2017-09-09;07:05:00;20:09:00;425;1209;13,06666666666670;2017;9;Sep
2017-09-10;07:07:00;20:06:00;427;1206;12,98333333333330;2017;9;Sep
2017-09-11;07:08:00;20:04:00;428;1204;12,93333333333330;2017;9;Sep
2017-09-12;07:10:00;20:02:00;430;1202;12,86666666666670;2017;9;Sep
2017-09-13;07:11:00;19:59:00;431;1199;12,80000000000000;2017;9;Sep
2017-09-14;07:13:00;19:57:00;433;1197;12,73333333333330;2017;9;Sep
2017-09-15;07:15:00;19:55:00;435;1195;12,66666666666670;2017;9;Sep
2017-09-16;07:16:00;19:52:00;436;1192;12,60000000000000;2017;9;Sep
2017-09-17;07:18:00;19:50:00;438;1190;12,53333333333330;2017;9;Sep
2017-09-18;07:20:00;19:48:00;440;1188;12,46666666666670;2017;9;Sep
2017-09-19;07:21:00;19:45:00;441;1185;12,40000000000000;2017;9;Sep
2017-09-20;07:23:00;19:43:00;443;1183;12,33333333333330;2017;9;Sep
2017-09-21;07:24:00;19:41:00;444;1181;12,28333333333330;2017;9;Sep
2017-09-22;07:26:00;19:38:00;446;1178;12,20000000000000;2017;9;Sep
2017-09-23;07:28:00;19:36:00;448;1176;12,13333333333330;2017;9;Sep
2017-09-24;07:29:00;19:33:00;449;1173;12,06666666666670;2017;9;Sep
2017-09-25;07:31:00;19:31:00;451;1171;12,00000000000000;2017;9;Sep
2017-09-26;07:33:00;19:29:00;453;1169;11,93333333333330;2017;9;Sep
2017-09-27;07:34:00;19:26:00;454;1166;11,86666666666670;2017;9;Sep
2017-09-28;07:36:00;19:24:00;456;1164;11,80000000000000;2017;9;Sep
2017-09-29;07:38:00;19:22:00;458;1162;11,73333333333330;2017;9;Sep
2017-09-30;07:39:00;19:20:00;459;1160;11,68333333333330;2017;9;Sep
2017-10-01;07:41:00;19:17:00;461;1157;11,60000000000000;2017;10;Oct
2017-10-02;07:43:00;19:15:00;463;1155;11,53333333333330;2017;10;Oct
2017-10-03;07:44:00;19:13:00;464;1153;11,48333333333330;2017;10;Oct
2017-10-04;07:46:00;19:10:00;466;1150;11,40000000000000;2017;10;Oct
2017-10-05;07:48:00;19:08:00;468;1148;11,33333333333330;2017;10;Oct
2017-10-06;07:49:00;19:06:00;469;1146;11,28333333333330;2017;10;Oct
2017-10-07;07:51:00;19:03:00;471;1143;11,20000000000000;2017;10;Oct
2017-10-08;07:53:00;19:01:00;473;1141;11,13333333333330;2017;10;Oct
2017-10-09;07:55:00;18:59:00;475;1139;11,06666666666670;2017;10;Oct
2017-10-10;07:56:00;18:57:00;476;1137;11,01666666666670;2017;10;Oct
2017-10-11;07:58:00;18:55:00;478;1135;10,95000000000000;2017;10;Oct
2017-10-12;08:00:00;18:52:00;480;1132;10,86666666666670;2017;10;Oct
2017-10-13;08:01:00;18:50:00;481;1130;10,81666666666670;2017;10;Oct
2017-10-14;08:03:00;18:48:00;483;1128;10,75000000000000;2017;10;Oct
2017-10-15;08:05:00;18:46:00;485;1126;10,68333333333330;2017;10;Oct
2017-10-16;08:07:00;18:44:00;487;1124;10,61666666666670;2017;10;Oct
2017-10-17;08:08:00;18:41:00;488;1121;10,55000000000000;2017;10;Oct
2017-10-18;08:10:00;18:39:00;490;1119;10,48333333333330;2017;10;Oct
2017-10-19;08:12:00;18:37:00;492;1117;10,41666666666670;2017;10;Oct
2017-10-20;08:14:00;18:35:00;494;1115;10,35000000000000;2017;10;Oct
2017-10-21;08:15:00;18:33:00;495;1113;10,30000000000000;2017;10;Oct
2017-10-22;08:17:00;18:31:00;497;1111;10,23333333333330;2017;10;Oct
2017-10-23;08:19:00;18:29:00;499;1109;10,16666666666670;2017;10;Oct
2017-10-24;08:21:00;18:27:00;501;1107;10,10000000000000;2017;10;Oct
2017-10-25;08:22:00;18:25:00;502;1105;10,05000000000000;2017;10;Oct
2017-10-26;08:24:00;18:23:00;504;1103;9,98333333333333;2017;10;Oct
2017-10-27;08:26:00;18:21:00;506;1101;9,91666666666667;2017;10;Oct
2017-10-28;08:28:00;18:19:00;508;1099;9,85000000000000;2017;10;Oct
2017-10-29;07:30:00;17:17:00;450;1037;9,78333333333333;2017;10;Oct
2017-10-30;07:31:00;17:15:00;451;1035;9,73333333333333;2017;10;Oct
2017-10-31;07:33:00;17:13:00;453;1033;9,66666666666667;2017;10;Oct
2017-11-01;07:35:00;17:11:00;455;1031;9,60000000000000;2017;11;Nov
2017-11-02;07:37:00;17:10:00;457;1030;9,55000000000000;2017;11;Nov
2017-11-03;07:39:00;17:08:00;459;1028;9,48333333333333;2017;11;Nov
2017-11-04;07:40:00;17:06:00;460;1026;9,43333333333333;2017;11;Nov
2017-11-05;07:42:00;17:04:00;462;1024;9,36666666666667;2017;11;Nov
2017-11-06;07:44:00;17:03:00;464;1023;9,31666666666667;2017;11;Nov
2017-11-07;07:46:00;17:01:00;466;1021;9,25000000000000;2017;11;Nov
2017-11-08;07:48:00;16:59:00;468;1019;9,18333333333333;2017;11;Nov
2017-11-09;07:49:00;16:58:00;469;1018;9,15000000000000;2017;11;Nov
2017-11-10;07:51:00;16:56:00;471;1016;9,08333333333333;2017;11;Nov
2017-11-11;07:53:00;16:55:00;473;1015;9,03333333333333;2017;11;Nov
2017-11-12;07:55:00;16:53:00;475;1013;8,96666666666667;2017;11;Nov
2017-11-13;07:57:00;16:52:00;477;1012;8,91666666666667;2017;11;Nov
2017-11-14;07:58:00;16:50:00;478;1010;8,86666666666667;2017;11;Nov
2017-11-15;08:00:00;16:49:00;480;1009;8,81666666666667;2017;11;Nov
2017-11-16;08:02:00;16:47:00;482;1007;8,75000000000000;2017;11;Nov
2017-11-17;08:03:00;16:46:00;483;1006;8,71666666666667;2017;11;Nov
2017-11-18;08:05:00;16:45:00;485;1005;8,66666666666667;2017;11;Nov
2017-11-19;08:07:00;16:43:00;487;1003;8,60000000000000;2017;11;Nov
2017-11-20;08:09:00;16:42:00;489;1002;8,55000000000000;2017;11;Nov
2017-11-21;08:10:00;16:41:00;490;1001;8,51666666666667;2017;11;Nov
2017-11-22;08:12:00;16:40:00;492;1000;8,46666666666667;2017;11;Nov
2017-11-23;08:14:00;16:39:00;494;999;8,41666666666667;2017;11;Nov
2017-11-24;08:15:00;16:38:00;495;998;8,38333333333333;2017;11;Nov
2017-11-25;08:17:00;16:37:00;497;997;8,33333333333333;2017;11;Nov
2017-11-26;08:18:00;16:36:00;498;996;8,30000000000000;2017;11;Nov
2017-11-27;08:20:00;16:35:00;500;995;8,25000000000000;2017;11;Nov
2017-11-28;08:21:00;16:34:00;501;994;8,21666666666667;2017;11;Nov
2017-11-29;08:23:00;16:34:00;503;994;8,18333333333333;2017;11;Nov
2017-11-30;08:24:00;16:33:00;504;993;8,15000000000000;2017;11;Nov
2017-12-01;08:26:00;16:32:00;506;992;8,10000000000000;2017;12;Dec
2017-12-02;08:27:00;16:32:00;507;992;8,08333333333333;2017;12;Dec
2017-12-03;08:29:00;16:31:00;509;991;8,03333333333333;2017;12;Dec
2017-12-04;08:30:00;16:30:00;510;990;8,00000000000000;2017;12;Dec
2017-12-05;08:31:00;16:30:00;511;990;7,98333333333333;2017;12;Dec
2017-12-06;08:32:00;16:30:00;512;990;7,96666666666667;2017;12;Dec
2017-12-07;08:34:00;16:29:00;514;989;7,91666666666667;2017;12;Dec
2017-12-08;08:35:00;16:29:00;515;989;7,90000000000000;2017;12;Dec
2017-12-09;08:36:00;16:29:00;516;989;7,88333333333333;2017;12;Dec
2017-12-10;08:37:00;16:29:00;517;989;7,86666666666667;2017;12;Dec
2017-12-11;08:38:00;16:28:00;518;988;7,83333333333333;2017;12;Dec
2017-12-12;08:39:00;16:28:00;519;988;7,81666666666667;2017;12;Dec
2017-12-13;08:40:00;16:28:00;520;988;7,80000000000000;2017;12;Dec
2017-12-14;08:41:00;16:28:00;521;988;7,78333333333333;2017;12;Dec
2017-12-15;08:42:00;16:29:00;522;989;7,78333333333333;2017;12;Dec
2017-12-16;08:43:00;16:29:00;523;989;7,76666666666667;2017;12;Dec
2017-12-17;08:43:00;16:29:00;523;989;7,76666666666667;2017;12;Dec
2017-12-18;08:44:00;16:29:00;524;989;7,75000000000000;2017;12;Dec
2017-12-19;08:45:00;16:30:00;525;990;7,75000000000000;2017;12;Dec
2017-12-20;08:45:00;16:30:00;525;990;7,75000000000000;2017;12;Dec
2017-12-21;08:46:00;16:31:00;526;991;7,75000000000000;2017;12;Dec
2017-12-22;08:46:00;16:31:00;526;991;7,75000000000000;2017;12;Dec
2017-12-23;08:47:00;16:32:00;527;992;7,75000000000000;2017;12;Dec
2017-12-24;08:47:00;16:32:00;527;992;7,75000000000000;2017;12;Dec
2017-12-25;08:48:00;16:33:00;528;993;7,75000000000000;2017;12;Dec
2017-12-26;08:48:00;16:34:00;528;994;7,76666666666667;2017;12;Dec
2017-12-27;08:48:00;16:34:00;528;994;7,76666666666667;2017;12;Dec
2017-12-28;08:48:00;16:35:00;528;995;7,78333333333333;2017;12;Dec
2017-12-29;08:48:00;16:36:00;528;996;7,80000000000000;2017;12;Dec
2017-12-30;08:48:00;16:37:00;528;997;7,81666666666667;2017;12;Dec
2017-12-31;08:48:00;16:38:00;528;998;7,83333333333333;2017;12;Dec
2018-01-01;08:48:00;16:39:00;528;999;7,85000000000000;2018;1;Jan
2018-01-02;08:48:00;16:40:00;528;1000;7,86666666666667;2018;1;Jan
2018-01-03;08:48:00;16:41:00;528;1001;7,88333333333333;2018;1;Jan
2018-01-04;08:47:00;16:43:00;527;1003;7,93333333333333;2018;1;Jan
2018-01-05;08:47:00;16:44:00;527;1004;7,95000000000000;2018;1;Jan
2018-01-06;08:47:00;16:45:00;527;1005;7,96666666666667;2018;1;Jan
2018-01-07;08:46:00;16:46:00;526;1006;8,00000000000000;2018;1;Jan
2018-01-08;08:46:00;16:48:00;526;1008;8,03333333333333;2018;1;Jan
2018-01-09;08:45:00;16:49:00;525;1009;8,06666666666667;2018;1;Jan
2018-01-10;08:45:00;16:51:00;525;1011;8,10000000000000;2018;1;Jan
2018-01-11;08:44:00;16:52:00;524;1012;8,13333333333333;2018;1;Jan
2018-01-12;08:44:00;16:53:00;524;1013;8,15000000000000;2018;1;Jan
2018-01-13;08:43:00;16:55:00;523;1015;8,20000000000000;2018;1;Jan
2018-01-14;08:42:00;16:57:00;522;1017;8,25000000000000;2018;1;Jan
2018-01-15;08:41:00;16:58:00;521;1018;8,28333333333333;2018;1;Jan
2018-01-16;08:40:00;17:00:00;520;1020;8,33333333333333;2018;1;Jan
2018-01-17;08:39:00;17:01:00;519;1021;8,36666666666667;2018;1;Jan
2018-01-18;08:38:00;17:03:00;518;1023;8,41666666666667;2018;1;Jan
2018-01-19;08:37:00;17:05:00;517;1025;8,46666666666667;2018;1;Jan
2018-01-20;08:36:00;17:06:00;516;1026;8,50000000000000;2018;1;Jan
2018-01-21;08:35:00;17:08:00;515;1028;8,55000000000000;2018;1;Jan
2018-01-22;08:34:00;17:10:00;514;1030;8,60000000000000;2018;1;Jan
2018-01-23;08:33:00;17:11:00;513;1031;8,63333333333333;2018;1;Jan
2018-01-24;08:31:00;17:13:00;511;1033;8,70000000000000;2018;1;Jan
2018-01-25;08:30:00;17:15:00;510;1035;8,75000000000000;2018;1;Jan
2018-01-26;08:29:00;17:17:00;509;1037;8,80000000000000;2018;1;Jan
2018-01-27;08:27:00;17:19:00;507;1039;8,86666666666667;2018;1;Jan
2018-01-28;08:26:00;17:20:00;506;1040;8,90000000000000;2018;1;Jan
2018-01-29;08:25:00;17:22:00;505;1042;8,95000000000000;2018;1;Jan
2018-01-30;08:23:00;17:24:00;503;1044;9,01666666666667;2018;1;Jan
2018-01-31;08:22:00;17:26:00;502;1046;9,06666666666667;2018;1;Jan
2018-02-01;08:20:00;17:28:00;500;1048;9,13333333333333;2018;2;Feb
2018-02-02;08:18:00;17:30:00;498;1050;9,20000000000000;2018;2;Feb
2018-02-03;08:17:00;17:31:00;497;1051;9,23333333333333;2018;2;Feb
2018-02-04;08:15:00;17:33:00;495;1053;9,30000000000000;2018;2;Feb
2018-02-05;08:14:00;17:35:00;494;1055;9,35000000000000;2018;2;Feb
2018-02-06;08:12:00;17:37:00;492;1057;9,41666666666667;2018;2;Feb
2018-02-07;08:10:00;17:39:00;490;1059;9,48333333333333;2018;2;Feb
2018-02-08;08:08:00;17:41:00;488;1061;9,55000000000000;2018;2;Feb
2018-02-09;08:07:00;17:43:00;487;1063;9,60000000000000;2018;2;Feb
2018-02-10;08:05:00;17:44:00;485;1064;9,65000000000000;2018;2;Feb
2018-02-11;08:03:00;17:46:00;483;1066;9,71666666666667;2018;2;Feb
2018-02-12;08:01:00;17:48:00;481;1068;9,78333333333333;2018;2;Feb
2018-02-13;07:59:00;17:50:00;479;1070;9,85000000000000;2018;2;Feb
2018-02-14;07:57:00;17:52:00;477;1072;9,91666666666667;2018;2;Feb
2018-02-15;07:55:00;17:54:00;475;1074;9,98333333333333;2018;2;Feb
2018-02-16;07:53:00;17:56:00;473;1076;10,05000000000000;2018;2;Feb
2018-02-17;07:51:00;17:58:00;471;1078;10,11666666666670;2018;2;Feb
2018-02-18;07:49:00;17:59:00;469;1079;10,16666666666670;2018;2;Feb
2018-02-19;07:47:00;18:01:00;467;1081;10,23333333333330;2018;2;Feb
2018-02-20;07:45:00;18:03:00;465;1083;10,30000000000000;2018;2;Feb
2018-02-21;07:43:00;18:05:00;463;1085;10,36666666666670;2018;2;Feb
2018-02-22;07:41:00;18:07:00;461;1087;10,43333333333330;2018;2;Feb
2018-02-23;07:38:00;18:09:00;458;1089;10,51666666666670;2018;2;Feb
2018-02-24;07:37:00;18:10:00;457;1090;10,55000000000000;2018;2;Feb
2018-02-25;07:35:00;18:12:00;455;1092;10,61666666666670;2018;2;Feb
2018-02-26;07:33:00;18:14:00;453;1094;10,68333333333330;2018;2;Feb
2018-02-27;07:30:00;18:16:00;450;1096;10,76666666666670;2018;2;Feb
2018-02-28;07:28:00;18:18:00;448;1098;10,83333333333330;2018;2;Feb
2018-03-01;07:26:00;18:19:00;446;1099;10,88333333333330;2018;3;Mar
2018-03-02;07:24:00;18:21:00;444;1101;10,95000000000000;2018;3;Mar
2018-03-03;07:22:00;18:23:00;442;1103;11,01666666666670;2018;3;Mar
2018-03-04;07:19:00;18:25:00;439;1105;11,10000000000000;2018;3;Mar
2018-03-05;07:17:00;18:27:00;437;1107;11,16666666666670;2018;3;Mar
2018-03-06;07:15:00;18:28:00;435;1108;11,21666666666670;2018;3;Mar
2018-03-07;07:13:00;18:30:00;433;1110;11,28333333333330;2018;3;Mar
2018-03-08;07:11:00;18:32:00;431;1112;11,35000000000000;2018;3;Mar
2018-03-09;07:08:00;18:34:00;428;1114;11,43333333333330;2018;3;Mar
2018-03-10;07:06:00;18:36:00;426;1116;11,50000000000000;2018;3;Mar
2018-03-11;07:04:00;18:37:00;424;1117;11,55000000000000;2018;3;Mar
2018-03-12;07:01:00;18:39:00;421;1119;11,63333333333330;2018;3;Mar
2018-03-13;06:59:00;18:41:00;419;1121;11,70000000000000;2018;3;Mar
2018-03-14;06:57:00;18:43:00;417;1123;11,76666666666670;2018;3;Mar
2018-03-15;06:55:00;18:44:00;415;1124;11,81666666666670;2018;3;Mar
2018-03-16;06:52:00;18:46:00;412;1126;11,90000000000000;2018;3;Mar
2018-03-17;06:50:00;18:48:00;410;1128;11,96666666666670;2018;3;Mar
2018-03-18;06:48:00;18:50:00;408;1130;12,03333333333330;2018;3;Mar
2018-03-19;06:45:00;18:51:00;405;1131;12,10000000000000;2018;3;Mar
2018-03-20;06:43:00;18:53:00;403;1133;12,16666666666670;2018;3;Mar
2018-03-21;06:41:00;18:55:00;401;1135;12,23333333333330;2018;3;Mar
2018-03-22;06:38:00;18:56:00;398;1136;12,30000000000000;2018;3;Mar
2018-03-23;06:36:00;18:58:00;396;1138;12,36666666666670;2018;3;Mar
2018-03-24;06:34:00;19:00:00;394;1140;12,43333333333330;2018;3;Mar
2018-03-25;07:31:00;20:02:00;451;1202;12,51666666666670;2018;3;Mar
2018-03-26;07:29:00;20:03:00;449;1203;12,56666666666670;2018;3;Mar
2018-03-27;07:27:00;20:05:00;447;1205;12,63333333333330;2018;3;Mar
2018-03-28;07:25:00;20:07:00;445;1207;12,70000000000000;2018;3;Mar
2018-03-29;07:22:00;20:08:00;442;1208;12,76666666666670;2018;3;Mar
2018-03-30;07:20:00;20:10:00;440;1210;12,83333333333330;2018;3;Mar
2018-03-31;07:18:00;20:12:00;438;1212;12,90000000000000;2018;3;Mar
2018-04-01;07:15:00;20:14:00;435;1214;12,98333333333330;2018;4;Apr
2018-04-02;07:13:00;20:15:00;433;1215;13,03333333333330;2018;4;Apr
2018-04-03;07:11:00;20:17:00;431;1217;13,10000000000000;2018;4;Apr
2018-04-04;07:08:00;20:19:00;428;1219;13,18333333333330;2018;4;Apr
2018-04-05;07:06:00;20:20:00;426;1220;13,23333333333330;2018;4;Apr
2018-04-06;07:04:00;20:22:00;424;1222;13,30000000000000;2018;4;Apr
2018-04-07;07:02:00;20:24:00;422;1224;13,36666666666670;2018;4;Apr
2018-04-08;06:59:00;20:26:00;419;1226;13,45000000000000;2018;4;Apr
2018-04-09;06:57:00;20:27:00;417;1227;13,50000000000000;2018;4;Apr
2018-04-10;06:55:00;20:29:00;415;1229;13,56666666666670;2018;4;Apr
2018-04-11;06:53:00;20:31:00;413;1231;13,63333333333330;2018;4;Apr
2018-04-12;06:50:00;20:32:00;410;1232;13,70000000000000;2018;4;Apr
2018-04-13;06:48:00;20:34:00;408;1234;13,76666666666670;2018;4;Apr
2018-04-14;06:46:00;20:36:00;406;1236;13,83333333333330;2018;4;Apr
2018-04-15;06:44:00;20:38:00;404;1238;13,90000000000000;2018;4;Apr
2018-04-16;06:42:00;20:39:00;402;1239;13,95000000000000;2018;4;Apr
2018-04-17;06:39:00;20:41:00;399;1241;14,03333333333330;2018;4;Apr
2018-04-18;06:37:00;20:43:00;397;1243;14,10000000000000;2018;4;Apr
2018-04-19;06:35:00;20:44:00;395;1244;14,15000000000000;2018;4;Apr
2018-04-20;06:33:00;20:46:00;393;1246;14,21666666666670;2018;4;Apr
2018-04-21;06:31:00;20:48:00;391;1248;14,28333333333330;2018;4;Apr
2018-04-22;06:29:00;20:49:00;389;1249;14,33333333333330;2018;4;Apr
2018-04-23;06:27:00;20:51:00;387;1251;14,40000000000000;2018;4;Apr
2018-04-24;06:25:00;20:53:00;385;1253;14,46666666666670;2018;4;Apr
2018-04-25;06:23:00;20:55:00;383;1255;14,53333333333330;2018;4;Apr
2018-04-26;06:21:00;20:56:00;381;1256;14,58333333333330;2018;4;Apr
2018-04-27;06:18:00;20:58:00;378;1258;14,66666666666670;2018;4;Apr
2018-04-28;06:16:00;21:00:00;376;1260;14,73333333333330;2018;4;Apr
2018-04-29;06:15:00;21:01:00;375;1261;14,76666666666670;2018;4;Apr
2018-04-30;06:13:00;21:03:00;373;1263;14,83333333333330;2018;4;Apr
2018-05-01;06:11:00;21:05:00;371;1265;14,90000000000000;2018;5;May
2018-05-02;06:09:00;21:06:00;369;1266;14,95000000000000;2018;5;May
2018-05-03;06:07:00;21:08:00;367;1268;15,01666666666670;2018;5;May
2018-05-04;06:05:00;21:10:00;365;1270;15,08333333333330;2018;5;May
2018-05-05;06:03:00;21:11:00;363;1271;15,13333333333330;2018;5;May
2018-05-06;06:01:00;21:13:00;361;1273;15,20000000000000;2018;5;May
2018-05-07;06:00:00;21:15:00;360;1275;15,25000000000000;2018;5;May
2018-05-08;05:58:00;21:16:00;358;1276;15,30000000000000;2018;5;May
2018-05-09;05:56:00;21:18:00;356;1278;15,36666666666670;2018;5;May
2018-05-10;05:54:00;21:19:00;354;1279;15,41666666666670;2018;5;May
2018-05-11;05:53:00;21:21:00;353;1281;15,46666666666670;2018;5;May
2018-05-12;05:51:00;21:23:00;351;1283;15,53333333333330;2018;5;May
2018-05-13;05:50:00;21:24:00;350;1284;15,56666666666670;2018;5;May
2018-05-14;05:48:00;21:26:00;348;1286;15,63333333333330;2018;5;May
2018-05-15;05:46:00;21:27:00;346;1287;15,68333333333330;2018;5;May
2018-05-16;05:45:00;21:29:00;345;1289;15,73333333333330;2018;5;May
2018-05-17;05:43:00;21:30:00;343;1290;15,78333333333330;2018;5;May
2018-05-18;05:42:00;21:32:00;342;1292;15,83333333333330;2018;5;May
2018-05-19;05:41:00;21:33:00;341;1293;15,86666666666670;2018;5;May
2018-05-20;05:39:00;21:35:00;339;1295;15,93333333333330;2018;5;May
2018-05-21;05:38:00;21:36:00;338;1296;15,96666666666670;2018;5;May
2018-05-22;05:37:00;21:38:00;337;1298;16,01666666666670;2018;5;May
2018-05-23;05:35:00;21:39:00;335;1299;16,06666666666670;2018;5;May
2018-05-24;05:34:00;21:40:00;334;1300;16,10000000000000;2018;5;May
2018-05-25;05:33:00;21:42:00;333;1302;16,15000000000000;2018;5;May
2018-05-26;05:32:00;21:43:00;332;1303;16,18333333333330;2018;5;May
2018-05-27;05:31:00;21:44:00;331;1304;16,21666666666670;2018;5;May
2018-05-28;05:30:00;21:46:00;330;1306;16,26666666666670;2018;5;May
2018-05-29;05:29:00;21:47:00;329;1307;16,30000000000000;2018;5;May
2018-05-30;05:28:00;21:48:00;328;1308;16,33333333333330;2018;5;May
2018-05-31;05:27:00;21:49:00;327;1309;16,36666666666670;2018;5;May
2018-06-01;05:26:00;21:50:00;326;1310;16,40000000000000;2018;6;Jun
2018-06-02;05:25:00;21:51:00;325;1311;16,43333333333330;2018;6;Jun
2018-06-03;05:25:00;21:52:00;325;1312;16,45000000000000;2018;6;Jun
2018-06-04;05:24:00;21:53:00;324;1313;16,48333333333330;2018;6;Jun
2018-06-05;05:23:00;21:54:00;323;1314;16,51666666666670;2018;6;Jun
2018-06-06;05:23:00;21:55:00;323;1315;16,53333333333330;2018;6;Jun
2018-06-07;05:22:00;21:56:00;322;1316;16,56666666666670;2018;6;Jun
2018-06-08;05:22:00;21:57:00;322;1317;16,58333333333330;2018;6;Jun
2018-06-09;05:21:00;21:58:00;321;1318;16,61666666666670;2018;6;Jun
2018-06-10;05:21:00;21:59:00;321;1319;16,63333333333330;2018;6;Jun
2018-06-11;05:20:00;21:59:00;320;1319;16,65000000000000;2018;6;Jun
2018-06-12;05:20:00;22:00:00;320;1320;16,66666666666670;2018;6;Jun
2018-06-13;05:20:00;22:01:00;320;1321;16,68333333333330;2018;6;Jun
2018-06-14;05:20:00;22:01:00;320;1321;16,68333333333330;2018;6;Jun
2018-06-15;05:20:00;22:02:00;320;1322;16,70000000000000;2018;6;Jun
2018-06-16;05:19:00;22:02:00;319;1322;16,71666666666670;2018;6;Jun
2018-06-17;05:19:00;22:03:00;319;1323;16,73333333333330;2018;6;Jun
2018-06-18;05:19:00;22:03:00;319;1323;16,73333333333330;2018;6;Jun
2018-06-19;05:19:00;22:03:00;319;1323;16,73333333333330;2018;6;Jun
2018-06-20;05:20:00;22:04:00;320;1324;16,73333333333330;2018;6;Jun
2018-06-21;05:20:00;22:04:00;320;1324;16,73333333333330;2018;6;Jun
2018-06-22;05:20:00;22:04:00;320;1324;16,73333333333330;2018;6;Jun
2018-06-23;05:20:00;22:04:00;320;1324;16,73333333333330;2018;6;Jun
2018-06-24;05:21:00;22:04:00;321;1324;16,71666666666670;2018;6;Jun
2018-06-25;05:21:00;22:04:00;321;1324;16,71666666666670;2018;6;Jun
2018-06-26;05:21:00;22:04:00;321;1324;16,71666666666670;2018;6;Jun
2018-06-27;05:22:00;22:04:00;322;1324;16,70000000000000;2018;6;Jun
2018-06-28;05:22:00;22:04:00;322;1324;16,70000000000000;2018;6;Jun
2018-06-29;05:23:00;22:04:00;323;1324;16,68333333333330;2018;6;Jun
2018-06-30;05:24:00;22:03:00;324;1323;16,65000000000000;2018;6;Jun
2018-07-01;05:24:00;22:03:00;324;1323;16,65000000000000;2018;7;Jul
2018-07-02;05:25:00;22:03:00;325;1323;16,63333333333330;2018;7;Jul
2018-07-03;05:26:00;22:02:00;326;1322;16,60000000000000;2018;7;Jul
2018-07-04;05:27:00;22:02:00;327;1322;16,58333333333330;2018;7;Jul
2018-07-05;05:27:00;22:01:00;327;1321;16,56666666666670;2018;7;Jul
2018-07-06;05:28:00;22:01:00;328;1321;16,55000000000000;2018;7;Jul
2018-07-07;05:29:00;22:00:00;329;1320;16,51666666666670;2018;7;Jul
2018-07-08;05:30:00;21:59:00;330;1319;16,48333333333330;2018;7;Jul
2018-07-09;05:31:00;21:59:00;331;1319;16,46666666666670;2018;7;Jul
2018-07-10;05:32:00;21:58:00;332;1318;16,43333333333330;2018;7;Jul
2018-07-11;05:33:00;21:57:00;333;1317;16,40000000000000;2018;7;Jul
2018-07-12;05:34:00;21:56:00;334;1316;16,36666666666670;2018;7;Jul
2018-07-13;05:36:00;21:55:00;336;1315;16,31666666666670;2018;7;Jul
2018-07-14;05:37:00;21:54:00;337;1314;16,28333333333330;2018;7;Jul
2018-07-15;05:38:00;21:53:00;338;1313;16,25000000000000;2018;7;Jul
2018-07-16;05:39:00;21:52:00;339;1312;16,21666666666670;2018;7;Jul
2018-07-17;05:40:00;21:51:00;340;1311;16,18333333333330;2018;7;Jul
2018-07-18;05:42:00;21:50:00;342;1310;16,13333333333330;2018;7;Jul
2018-07-19;05:43:00;21:49:00;343;1309;16,10000000000000;2018;7;Jul
2018-07-20;05:44:00;21:48:00;344;1308;16,06666666666670;2018;7;Jul
2018-07-21;05:46:00;21:46:00;346;1306;16,00000000000000;2018;7;Jul
2018-07-22;05:47:00;21:45:00;347;1305;15,96666666666670;2018;7;Jul
2018-07-23;05:48:00;21:44:00;348;1304;15,93333333333330;2018;7;Jul
2018-07-24;05:50:00;21:42:00;350;1302;15,86666666666670;2018;7;Jul
2018-07-25;05:51:00;21:41:00;351;1301;15,83333333333330;2018;7;Jul
2018-07-26;05:53:00;21:40:00;353;1300;15,78333333333330;2018;7;Jul
2018-07-27;05:54:00;21:38:00;354;1298;15,73333333333330;2018;7;Jul
2018-07-28;05:56:00;21:37:00;356;1297;15,68333333333330;2018;7;Jul
2018-07-29;05:57:00;21:35:00;357;1295;15,63333333333330;2018;7;Jul
2018-07-30;05:59:00;21:33:00;359;1293;15,56666666666670;2018;7;Jul
2018-07-31;06:00:00;21:32:00;360;1292;15,53333333333330;2018;7;Jul
2018-08-01;06:02:00;21:30:00;362;1290;15,46666666666670;2018;8;Aug
2018-08-02;06:03:00;21:28:00;363;1288;15,41666666666670;2018;8;Aug
2018-08-03;06:05:00;21:27:00;365;1287;15,36666666666670;2018;8;Aug
2018-08-04;06:06:00;21:25:00;366;1285;15,31666666666670;2018;8;Aug
2018-08-05;06:08:00;21:23:00;368;1283;15,25000000000000;2018;8;Aug
2018-08-06;06:09:00;21:21:00;369;1281;15,20000000000000;2018;8;Aug
2018-08-07;06:11:00;21:20:00;371;1280;15,15000000000000;2018;8;Aug
2018-08-08;06:13:00;21:18:00;373;1278;15,08333333333330;2018;8;Aug
2018-08-09;06:14:00;21:16:00;374;1276;15,03333333333330;2018;8;Aug
2018-08-10;06:16:00;21:14:00;376;1274;14,96666666666670;2018;8;Aug
2018-08-11;06:17:00;21:12:00;377;1272;14,91666666666670;2018;8;Aug
2018-08-12;06:19:00;21:10:00;379;1270;14,85000000000000;2018;8;Aug
2018-08-13;06:21:00;21:08:00;381;1268;14,78333333333330;2018;8;Aug
2018-08-14;06:22:00;21:06:00;382;1266;14,73333333333330;2018;8;Aug
2018-08-15;06:24:00;21:04:00;384;1264;14,66666666666670;2018;8;Aug
2018-08-16;06:25:00;21:02:00;385;1262;14,61666666666670;2018;8;Aug
2018-08-17;06:27:00;21:00:00;387;1260;14,55000000000000;2018;8;Aug
2018-08-18;06:29:00;20:58:00;389;1258;14,48333333333330;2018;8;Aug
2018-08-19;06:30:00;20:56:00;390;1256;14,43333333333330;2018;8;Aug
2018-08-20;06:32:00;20:54:00;392;1254;14,36666666666670;2018;8;Aug
2018-08-21;06:34:00;20:52:00;394;1252;14,30000000000000;2018;8;Aug
2018-08-22;06:35:00;20:50:00;395;1250;14,25000000000000;2018;8;Aug
2018-08-23;06:37:00;20:47:00;397;1247;14,16666666666670;2018;8;Aug
2018-08-24;06:38:00;20:45:00;398;1245;14,11666666666670;2018;8;Aug
2018-08-25;06:40:00;20:43:00;400;1243;14,05000000000000;2018;8;Aug
2018-08-26;06:42:00;20:41:00;402;1241;13,98333333333330;2018;8;Aug
2018-08-27;06:43:00;20:39:00;403;1239;13,93333333333330;2018;8;Aug
2018-08-28;06:45:00;20:36:00;405;1236;13,85000000000000;2018;8;Aug
2018-08-29;06:47:00;20:34:00;407;1234;13,78333333333330;2018;8;Aug
2018-08-30;06:48:00;20:32:00;408;1232;13,73333333333330;2018;8;Aug
2018-08-31;06:50:00;20:30:00;410;1230;13,66666666666670;2018;8;Aug
2018-09-01;06:52:00;20:27:00;412;1227;13,58333333333330;2018;9;Sep
2018-09-02;06:53:00;20:25:00;413;1225;13,53333333333330;2018;9;Sep
2018-09-03;06:55:00;20:23:00;415;1223;13,46666666666670;2018;9;Sep
2018-09-04;06:56:00;20:21:00;416;1221;13,41666666666670;2018;9;Sep
2018-09-05;06:58:00;20:18:00;418;1218;13,33333333333330;2018;9;Sep
2018-09-06;07:00:00;20:16:00;420;1216;13,26666666666670;2018;9;Sep
2018-09-07;07:01:00;20:14:00;421;1214;13,21666666666670;2018;9;Sep
2018-09-08;07:03:00;20:11:00;423;1211;13,13333333333330;2018;9;Sep
2018-09-09;07:05:00;20:09:00;425;1209;13,06666666666670;2018;9;Sep
2018-09-10;07:06:00;20:07:00;426;1207;13,01666666666670;2018;9;Sep
2018-09-11;07:08:00;20:04:00;428;1204;12,93333333333330;2018;9;Sep
2018-09-12;07:09:00;20:02:00;429;1202;12,88333333333330;2018;9;Sep
2018-09-13;07:11:00;20:00:00;431;1200;12,81666666666670;2018;9;Sep
2018-09-14;07:13:00;19:57:00;433;1197;12,73333333333330;2018;9;Sep
2018-09-15;07:14:00;19:55:00;434;1195;12,68333333333330;2018;9;Sep
2018-09-16;07:16:00;19:53:00;436;1193;12,61666666666670;2018;9;Sep
2018-09-17;07:18:00;19:50:00;438;1190;12,53333333333330;2018;9;Sep
2018-09-18;07:19:00;19:48:00;439;1188;12,48333333333330;2018;9;Sep
2018-09-19;07:21:00;19:46:00;441;1186;12,41666666666670;2018;9;Sep
2018-09-20;07:22:00;19:43:00;442;1183;12,35000000000000;2018;9;Sep
2018-09-21;07:24:00;19:41:00;444;1181;12,28333333333330;2018;9;Sep
2018-09-22;07:26:00;19:39:00;446;1179;12,21666666666670;2018;9;Sep
2018-09-23;07:27:00;19:36:00;447;1176;12,15000000000000;2018;9;Sep
2018-09-24;07:29:00;19:34:00;449;1174;12,08333333333330;2018;9;Sep
2018-09-25;07:31:00;19:32:00;451;1172;12,01666666666670;2018;9;Sep
2018-09-26;07:32:00;19:29:00;452;1169;11,95000000000000;2018;9;Sep
2018-09-27;07:34:00;19:27:00;454;1167;11,88333333333330;2018;9;Sep
2018-09-28;07:36:00;19:25:00;456;1165;11,81666666666670;2018;9;Sep
2018-09-29;07:37:00;19:22:00;457;1162;11,75000000000000;2018;9;Sep
2018-09-30;07:39:00;19:20:00;459;1160;11,68333333333330;2018;9;Sep
2018-10-01;07:41:00;19:18:00;461;1158;11,61666666666670;2018;10;Oct
2018-10-02;07:42:00;19:15:00;462;1155;11,55000000000000;2018;10;Oct
2018-10-03;07:44:00;19:13:00;464;1153;11,48333333333330;2018;10;Oct
2018-10-04;07:46:00;19:11:00;466;1151;11,41666666666670;2018;10;Oct
2018-10-05;07:47:00;19:09:00;467;1149;11,36666666666670;2018;10;Oct
2018-10-06;07:49:00;19:06:00;469;1146;11,28333333333330;2018;10;Oct
2018-10-07;07:51:00;19:04:00;471;1144;11,21666666666670;2018;10;Oct
2018-10-08;07:52:00;19:02:00;472;1142;11,16666666666670;2018;10;Oct
2018-10-09;07:54:00;19:00:00;474;1140;11,10000000000000;2018;10;Oct
2018-10-10;07:56:00;18:57:00;476;1137;11,01666666666670;2018;10;Oct
2018-10-11;07:58:00;18:55:00;478;1135;10,95000000000000;2018;10;Oct
2018-10-12;07:59:00;18:53:00;479;1133;10,90000000000000;2018;10;Oct
2018-10-13;08:01:00;18:51:00;481;1131;10,83333333333330;2018;10;Oct
2018-10-14;08:03:00;18:48:00;483;1128;10,75000000000000;2018;10;Oct
2018-10-15;08:04:00;18:46:00;484;1126;10,70000000000000;2018;10;Oct
2018-10-16;08:06:00;18:44:00;486;1124;10,63333333333330;2018;10;Oct
2018-10-17;08:08:00;18:42:00;488;1122;10,56666666666670;2018;10;Oct
2018-10-18;08:10:00;18:40:00;490;1120;10,50000000000000;2018;10;Oct
2018-10-19;08:11:00;18:38:00;491;1118;10,45000000000000;2018;10;Oct
2018-10-20;08:13:00;18:36:00;493;1116;10,38333333333330;2018;10;Oct
2018-10-21;08:15:00;18:34:00;495;1114;10,31666666666670;2018;10;Oct
2018-10-22;08:17:00;18:31:00;497;1111;10,23333333333330;2018;10;Oct
2018-10-23;08:18:00;18:29:00;498;1109;10,18333333333330;2018;10;Oct
2018-10-24;08:20:00;18:27:00;500;1107;10,11666666666670;2018;10;Oct
2018-10-25;08:22:00;18:25:00;502;1105;10,05000000000000;2018;10;Oct
2018-10-26;08:24:00;18:23:00;504;1103;9,98333333333333;2018;10;Oct
2018-10-27;08:26:00;18:21:00;506;1101;9,91666666666667;2018;10;Oct
2018-10-28;07:27:00;17:19:00;447;1039;9,86666666666667;2018;10;Oct
2018-10-29;07:29:00;17:17:00;449;1037;9,80000000000000;2018;10;Oct
2018-10-30;07:31:00;17:16:00;451;1036;9,75000000000000;2018;10;Oct
2018-10-31;07:33:00;17:14:00;453;1034;9,68333333333333;2018;10;Oct
2018-11-01;07:35:00;17:12:00;455;1032;9,61666666666667;2018;11;Nov
2018-11-02;07:36:00;17:10:00;456;1030;9,56666666666667;2018;11;Nov
2018-11-03;07:38:00;17:08:00;458;1028;9,50000000000000;2018;11;Nov
2018-11-04;07:40:00;17:06:00;460;1026;9,43333333333333;2018;11;Nov
2018-11-05;07:42:00;17:05:00;462;1025;9,38333333333333;2018;11;Nov
2018-11-06;07:44:00;17:03:00;464;1023;9,31666666666667;2018;11;Nov
2018-11-07;07:45:00;17:01:00;465;1021;9,26666666666667;2018;11;Nov
2018-11-08;07:47:00;17:00:00;467;1020;9,21666666666667;2018;11;Nov
2018-11-09;07:49:00;16:58:00;469;1018;9,15000000000000;2018;11;Nov
2018-11-10;07:51:00;16:56:00;471;1016;9,08333333333333;2018;11;Nov
2018-11-11;07:53:00;16:55:00;473;1015;9,03333333333333;2018;11;Nov
2018-11-12;07:54:00;16:53:00;474;1013;8,98333333333333;2018;11;Nov
2018-11-13;07:56:00;16:52:00;476;1012;8,93333333333333;2018;11;Nov
2018-11-14;07:58:00;16:50:00;478;1010;8,86666666666667;2018;11;Nov
2018-11-15;08:00:00;16:49:00;480;1009;8,81666666666667;2018;11;Nov
2018-11-16;08:01:00;16:48:00;481;1008;8,78333333333333;2018;11;Nov
2018-11-17;08:03:00;16:46:00;483;1006;8,71666666666667;2018;11;Nov
2018-11-18;08:05:00;16:45:00;485;1005;8,66666666666667;2018;11;Nov
2018-11-19;08:06:00;16:44:00;486;1004;8,63333333333333;2018;11;Nov
2018-11-20;08:08:00;16:43:00;488;1003;8,58333333333333;2018;11;Nov
2018-11-21;08:10:00;16:41:00;490;1001;8,51666666666667;2018;11;Nov
2018-11-22;08:11:00;16:40:00;491;1000;8,48333333333333;2018;11;Nov
2018-11-23;08:13:00;16:39:00;493;999;8,43333333333333;2018;11;Nov
2018-11-24;08:15:00;16:38:00;495;998;8,38333333333333;2018;11;Nov
2018-11-25;08:16:00;16:37:00;496;997;8,35000000000000;2018;11;Nov
2018-11-26;08:18:00;16:36:00;498;996;8,30000000000000;2018;11;Nov
2018-11-27;08:19:00;16:35:00;499;995;8,26666666666667;2018;11;Nov
2018-11-28;08:21:00;16:34:00;501;994;8,21666666666667;2018;11;Nov
2018-11-29;08:22:00;16:34:00;502;994;8,20000000000000;2018;11;Nov
2018-11-30;08:24:00;16:33:00;504;993;8,15000000000000;2018;11;Nov
2018-12-01;08:25:00;16:32:00;505;992;8,11666666666667;2018;12;Dec
2018-12-02;08:27:00;16:32:00;507;992;8,08333333333333;2018;12;Dec
2018-12-03;08:28:00;16:31:00;508;991;8,05000000000000;2018;12;Dec
2018-12-04;08:29:00;16:31:00;509;991;8,03333333333333;2018;12;Dec
2018-12-05;08:31:00;16:30:00;511;990;7,98333333333333;2018;12;Dec
2018-12-06;08:32:00;16:30:00;512;990;7,96666666666667;2018;12;Dec
2018-12-07;08:33:00;16:29:00;513;989;7,93333333333333;2018;12;Dec
2018-12-08;08:35:00;16:29:00;515;989;7,90000000000000;2018;12;Dec
2018-12-09;08:36:00;16:29:00;516;989;7,88333333333333;2018;12;Dec
2018-12-10;08:37:00;16:29:00;517;989;7,86666666666667;2018;12;Dec
2018-12-11;08:38:00;16:28:00;518;988;7,83333333333333;2018;12;Dec
2018-12-12;08:39:00;16:28:00;519;988;7,81666666666667;2018;12;Dec
2018-12-13;08:40:00;16:28:00;520;988;7,80000000000000;2018;12;Dec
2018-12-14;08:41:00;16:28:00;521;988;7,78333333333333;2018;12;Dec
2018-12-15;08:42:00;16:29:00;522;989;7,78333333333333;2018;12;Dec
2018-12-16;08:42:00;16:29:00;522;989;7,78333333333333;2018;12;Dec
2018-12-17;08:43:00;16:29:00;523;989;7,76666666666667;2018;12;Dec
2018-12-18;08:45:00;16:30:00;525;990;7,75000000000000;2018;12;Dec
2018-12-19;08:45:00;16:30:00;525;990;7,75000000000000;2018;12;Dec
2018-12-20;08:45:00;16:30:00;525;990;7,75000000000000;2018;12;Dec
2018-12-21;08:46:00;16:30:00;526;990;7,73333333333333;2018;12;Dec
2018-12-22;08:46:00;16:31:00;526;991;7,75000000000000;2018;12;Dec
2018-12-23;08:47:00;16:31:00;527;991;7,73333333333333;2018;12;Dec
2018-12-24;08:47:00;16:32:00;527;992;7,75000000000000;2018;12;Dec
2018-12-25;08:47:00;16:33:00;527;993;7,76666666666667;2018;12;Dec
2018-12-26;08:48:00;16:33:00;528;993;7,75000000000000;2018;12;Dec
2018-12-27;08:48:00;16:34:00;528;994;7,76666666666667;2018;12;Dec
2018-12-28;08:48:00;16:35:00;528;995;7,78333333333333;2018;12;Dec
2018-12-29;08:48:00;16:36:00;528;996;7,80000000000000;2018;12;Dec
2018-12-30;08:48:00;16:37:00;528;997;7,81666666666667;2018;12;Dec
2018-12-31;08:48:00;16:38:00;528;998;7,83333333333333;2018;12;Dec
2019-01-01;08:48:00;16:39:00;528;999;7,85000000000000;2019;1;Jan
2019-01-02;08:48:00;16:40:00;528;1000;7,86666666666667;2019;1;Jan
2019-01-03;08:48:00;16:41:00;528;1001;7,88333333333333;2019;1;Jan
2019-01-04;08:48:00;16:42:00;528;1002;7,90000000000000;2019;1;Jan
2019-01-05;08:47:00;16:44:00;527;1004;7,95000000000000;2019;1;Jan
2019-01-06;08:47:00;16:45:00;527;1005;7,96666666666667;2019;1;Jan
2019-01-07;08:47:00;16:46:00;527;1006;7,98333333333333;2019;1;Jan
2019-01-08;08:46:00;16:47:00;526;1007;8,01666666666667;2019;1;Jan
2019-01-09;08:46:00;16:49:00;526;1009;8,05000000000000;2019;1;Jan
2019-01-10;08:45:00;16:50:00;525;1010;8,08333333333333;2019;1;Jan
2019-01-11;08:44:00;16:52:00;524;1012;8,13333333333333;2019;1;Jan
2019-01-12;08:44:00;16:53:00;524;1013;8,15000000000000;2019;1;Jan
2019-01-13;08:43:00;16:55:00;523;1015;8,20000000000000;2019;1;Jan
2019-01-14;08:42:00;16:56:00;522;1016;8,23333333333333;2019;1;Jan
2019-01-15;08:41:00;16:58:00;521;1018;8,28333333333333;2019;1;Jan
2019-01-16;08:41:00;16:59:00;521;1019;8,30000000000000;2019;1;Jan
2019-01-17;08:40:00;17:01:00;520;1021;8,35000000000000;2019;1;Jan
2019-01-18;08:38:00;17:03:00;518;1023;8,41666666666667;2019;1;Jan
2019-01-19;08:38:00;17:04:00;518;1024;8,43333333333333;2019;1;Jan
2019-01-20;08:37:00;17:06:00;517;1026;8,48333333333333;2019;1;Jan
2019-01-21;08:35:00;17:08:00;515;1028;8,55000000000000;2019;1;Jan
2019-01-22;08:34:00;17:09:00;514;1029;8,58333333333333;2019;1;Jan
2019-01-23;08:33:00;17:11:00;513;1031;8,63333333333333;2019;1;Jan
2019-01-24;08:32:00;17:13:00;512;1033;8,68333333333333;2019;1;Jan
2019-01-25;08:31:00;17:15:00;511;1035;8,73333333333333;2019;1;Jan
2019-01-26;08:29:00;17:16:00;509;1036;8,78333333333333;2019;1;Jan
2019-01-27;08:28:00;17:18:00;508;1038;8,83333333333333;2019;1;Jan
2019-01-28;08:26:00;17:20:00;506;1040;8,90000000000000;2019;1;Jan
2019-01-29;08:25:00;17:22:00;505;1042;8,95000000000000;2019;1;Jan
2019-01-30;08:24:00;17:24:00;504;1044;9,00000000000000;2019;1;Jan
2019-01-31;08:22:00;17:25:00;502;1045;9,05000000000000;2019;1;Jan
2019-02-01;08:20:00;17:27:00;500;1047;9,11666666666667;2019;2;Feb
2019-02-02;08:19:00;17:29:00;499;1049;9,16666666666667;2019;2;Feb
2019-02-03;08:17:00;17:31:00;497;1051;9,23333333333333;2019;2;Feb
2019-02-04;08:16:00;17:33:00;496;1053;9,28333333333333;2019;2;Feb
2019-02-05;08:14:00;17:35:00;494;1055;9,35000000000000;2019;2;Feb
2019-02-06;08:12:00;17:37:00;492;1057;9,41666666666667;2019;2;Feb
2019-02-07;08:11:00;17:38:00;491;1058;9,45000000000000;2019;2;Feb
2019-02-08;08:09:00;17:40:00;489;1060;9,51666666666667;2019;2;Feb
2019-02-09;08:07:00;17:42:00;487;1062;9,58333333333333;2019;2;Feb
2019-02-10;08:05:00;17:44:00;485;1064;9,65000000000000;2019;2;Feb
2019-02-11;08:03:00;17:46:00;483;1066;9,71666666666667;2019;2;Feb
2019-02-12;08:01:00;17:48:00;481;1068;9,78333333333333;2019;2;Feb
2019-02-13;08:00:00;17:50:00;480;1070;9,83333333333333;2019;2;Feb
2019-02-14;07:58:00;17:52:00;478;1072;9,90000000000000;2019;2;Feb
2019-02-15;07:56:00;17:53:00;476;1073;9,95000000000000;2019;2;Feb
2019-02-16;07:54:00;17:55:00;474;1075;10,01666666666670;2019;2;Feb
2019-02-17;07:52:00;17:57:00;472;1077;10,08333333333330;2019;2;Feb
2019-02-18;07:50:00;17:59:00;470;1079;10,15000000000000;2019;2;Feb
2019-02-19;07:48:00;18:01:00;468;1081;10,21666666666670;2019;2;Feb
2019-02-20;07:46:00;18:03:00;466;1083;10,28333333333330;2019;2;Feb
2019-02-21;07:44:00;18:04:00;464;1084;10,33333333333330;2019;2;Feb
2019-02-22;07:42:00;18:06:00;462;1086;10,40000000000000;2019;2;Feb
2019-02-23;07:40:00;18:08:00;460;1088;10,46666666666670;2019;2;Feb
2019-02-24;07:37:00;18:10:00;457;1090;10,55000000000000;2019;2;Feb
2019-02-25;07:35:00;18:12:00;455;1092;10,61666666666670;2019;2;Feb
2019-02-26;07:33:00;18:14:00;453;1094;10,68333333333330;2019;2;Feb
2019-02-27;07:31:00;18:15:00;451;1095;10,73333333333330;2019;2;Feb
2019-02-28;07:29:00;18:17:00;449;1097;10,80000000000000;2019;2;Feb
2019-03-01;07:27:00;18:19:00;447;1099;10,86666666666670;2019;3;Mar
2019-03-02;07:24:00;18:21:00;444;1101;10,95000000000000;2019;3;Mar
2019-03-03;07:22:00;18:23:00;442;1103;11,01666666666670;2019;3;Mar
2019-03-04;07:20:00;18:24:00;440;1104;11,06666666666670;2019;3;Mar
2019-03-05;07:18:00;18:26:00;438;1106;11,13333333333330;2019;3;Mar
2019-03-06;07:16:00;18:28:00;436;1108;11,20000000000000;2019;3;Mar
2019-03-07;07:13:00;18:30:00;433;1110;11,28333333333330;2019;3;Mar
2019-03-08;07:11:00;18:32:00;431;1112;11,35000000000000;2019;3;Mar
2019-03-09;07:09:00;18:33:00;429;1113;11,40000000000000;2019;3;Mar
2019-03-10;07:07:00;18:35:00;427;1115;11,46666666666670;2019;3;Mar
2019-03-11;07:04:00;18:37:00;424;1117;11,55000000000000;2019;3;Mar
2019-03-12;07:02:00;18:39:00;422;1119;11,61666666666670;2019;3;Mar
2019-03-13;07:00:00;18:40:00;420;1120;11,66666666666670;2019;3;Mar
2019-03-14;06:57:00;18:42:00;417;1122;11,75000000000000;2019;3;Mar
2019-03-15;06:55:00;18:44:00;415;1124;11,81666666666670;2019;3;Mar
2019-03-16;06:53:00;18:46:00;413;1126;11,88333333333330;2019;3;Mar
2019-03-17;06:51:00;18:47:00;411;1127;11,93333333333330;2019;3;Mar
2019-03-18;06:48:00;18:49:00;408;1129;12,01666666666670;2019;3;Mar
2019-03-19;06:46:00;18:51:00;406;1131;12,08333333333330;2019;3;Mar
2019-03-20;06:44:00;18:53:00;404;1133;12,15000000000000;2019;3;Mar
2019-03-21;06:41:00;18:54:00;401;1134;12,21666666666670;2019;3;Mar
2019-03-22;06:39:00;18:56:00;399;1136;12,28333333333330;2019;3;Mar
2019-03-23;06:37:00;18:58:00;397;1138;12,35000000000000;2019;3;Mar
2019-03-24;06:34:00;18:59:00;394;1139;12,41666666666670;2019;3;Mar
2019-03-25;06:32:00;19:01:00;392;1141;12,48333333333330;2019;3;Mar
2019-03-26;06:30:00;19:03:00;390;1143;12,55000000000000;2019;3;Mar
2019-03-27;06:27:00;19:05:00;387;1145;12,63333333333330;2019;3;Mar
2019-03-28;06:25:00;19:06:00;385;1146;12,68333333333330;2019;3;Mar
2019-03-29;06:23:00;19:08:00;383;1148;12,75000000000000;2019;3;Mar
2019-03-30;06:20:00;19:10:00;380;1150;12,83333333333330;2019;3;Mar
2019-03-31;07:18:00;20:11:00;438;1211;12,88333333333330;2019;3;Mar
2019-04-01;07:16:00;20:13:00;436;1213;12,95000000000000;2019;4;Apr
2019-04-02;07:14:00;20:15:00;434;1215;13,01666666666670;2019;4;Apr
2019-04-03;07:11:00;20:17:00;431;1217;13,10000000000000;2019;4;Apr
2019-04-04;07:09:00;20:18:00;429;1218;13,15000000000000;2019;4;Apr
2019-04-05;07:07:00;20:20:00;427;1220;13,21666666666670;2019;4;Apr
2019-04-06;07:04:00;20:22:00;424;1222;13,30000000000000;2019;4;Apr
2019-04-07;07:02:00;20:23:00;422;1223;13,35000000000000;2019;4;Apr
2019-04-08;07:00:00;20:25:00;420;1225;13,41666666666670;2019;4;Apr
2019-04-09;06:58:00;20:27:00;418;1227;13,48333333333330;2019;4;Apr
2019-04-10;06:55:00;20:29:00;415;1229;13,56666666666670;2019;4;Apr
2019-04-11;06:53:00;20:30:00;413;1230;13,61666666666670;2019;4;Apr
2019-04-12;06:51:00;20:32:00;411;1232;13,68333333333330;2019;4;Apr
2019-04-13;06:49:00;20:34:00;409;1234;13,75000000000000;2019;4;Apr
2019-04-14;06:46:00;20:35:00;406;1235;13,81666666666670;2019;4;Apr
2019-04-15;06:44:00;20:37:00;404;1237;13,88333333333330;2019;4;Apr
2019-04-16;06:42:00;20:39:00;402;1239;13,95000000000000;2019;4;Apr
2019-04-17;06:40:00;20:41:00;400;1241;14,01666666666670;2019;4;Apr
2019-04-18;06:38:00;20:42:00;398;1242;14,06666666666670;2019;4;Apr
2019-04-19;06:36:00;20:44:00;396;1244;14,13333333333330;2019;4;Apr
2019-04-20;06:33:00;20:46:00;393;1246;14,21666666666670;2019;4;Apr
2019-04-21;06:31:00;20:47:00;391;1247;14,26666666666670;2019;4;Apr
2019-04-22;06:29:00;20:49:00;389;1249;14,33333333333330;2019;4;Apr
2019-04-23;06:27:00;20:51:00;387;1251;14,40000000000000;2019;4;Apr
2019-04-24;06:25:00;20:52:00;385;1252;14,45000000000000;2019;4;Apr
2019-04-25;06:23:00;20:54:00;383;1254;14,51666666666670;2019;4;Apr
2019-04-26;06:21:00;20:56:00;381;1256;14,58333333333330;2019;4;Apr
2019-04-27;06:19:00;20:58:00;379;1258;14,65000000000000;2019;4;Apr
2019-04-28;06:17:00;20:59:00;377;1259;14,70000000000000;2019;4;Apr
2019-04-29;06:15:00;21:01:00;375;1261;14,76666666666670;2019;4;Apr
2019-04-30;06:13:00;21:03:00;373;1263;14,83333333333330;2019;4;Apr
2019-05-01;06:11:00;21:04:00;371;1264;14,88333333333330;2019;5;May
2019-05-02;06:09:00;21:06:00;369;1266;14,95000000000000;2019;5;May
2019-05-03;06:07:00;21:08:00;367;1268;15,01666666666670;2019;5;May
2019-05-04;06:05:00;21:09:00;365;1269;15,06666666666670;2019;5;May
2019-05-05;06:04:00;21:11:00;364;1271;15,11666666666670;2019;5;May
2019-05-06;06:02:00;21:13:00;362;1273;15,18333333333330;2019;5;May
2019-05-07;06:00:00;21:14:00;360;1274;15,23333333333330;2019;5;May
2019-05-08;05:58:00;21:16:00;358;1276;15,30000000000000;2019;5;May
2019-05-09;05:57:00;21:17:00;357;1277;15,33333333333330;2019;5;May
2019-05-10;05:55:00;21:19:00;355;1279;15,40000000000000;2019;5;May
2019-05-11;05:53:00;21:21:00;353;1281;15,46666666666670;2019;5;May
2019-05-12;05:52:00;21:22:00;352;1282;15,50000000000000;2019;5;May
2019-05-13;05:50:00;21:24:00;350;1284;15,56666666666670;2019;5;May
2019-05-14;05:48:00;21:25:00;348;1285;15,61666666666670;2019;5;May
2019-05-15;05:47:00;21:27:00;347;1287;15,66666666666670;2019;5;May
2019-05-16;05:45:00;21:28:00;345;1288;15,71666666666670;2019;5;May
2019-05-17;05:44:00;21:30:00;344;1290;15,76666666666670;2019;5;May
2019-05-18;05:42:00;21:31:00;342;1291;15,81666666666670;2019;5;May
2019-05-19;05:41:00;21:33:00;341;1293;15,86666666666670;2019;5;May
2019-05-20;05:40:00;21:34:00;340;1294;15,90000000000000;2019;5;May
2019-05-21;05:38:00;21:36:00;338;1296;15,96666666666670;2019;5;May
2019-05-22;05:37:00;21:37:00;337;1297;16,00000000000000;2019;5;May
2019-05-23;05:36:00;21:39:00;336;1299;16,05000000000000;2019;5;May
2019-05-24;05:35:00;21:40:00;335;1300;16,08333333333330;2019;5;May
2019-05-25;05:33:00;21:41:00;333;1301;16,13333333333330;2019;5;May
2019-05-26;05:32:00;21:43:00;332;1303;16,18333333333330;2019;5;May
2019-05-27;05:31:00;21:44:00;331;1304;16,21666666666670;2019;5;May
2019-05-28;05:30:00;21:45:00;330;1305;16,25000000000000;2019;5;May
2019-05-29;05:29:00;21:46:00;329;1306;16,28333333333330;2019;5;May
2019-05-30;05:28:00;21:48:00;328;1308;16,33333333333330;2019;5;May
2019-05-31;05:27:00;21:49:00;327;1309;16,36666666666670;2019;5;May
2019-06-01;05:26:00;21:50:00;326;1310;16,40000000000000;2019;6;Jun
2019-06-02;05:26:00;21:51:00;326;1311;16,41666666666670;2019;6;Jun
2019-06-03;05:25:00;21:52:00;325;1312;16,45000000000000;2019;6;Jun
2019-06-04;05:24:00;21:53:00;324;1313;16,48333333333330;2019;6;Jun
2019-06-05;05:23:00;21:54:00;323;1314;16,51666666666670;2019;6;Jun
2019-06-06;05:23:00;21:55:00;323;1315;16,53333333333330;2019;6;Jun
2019-06-07;05:22:00;21:56:00;322;1316;16,56666666666670;2019;6;Jun
2019-06-08;05:22:00;21:57:00;322;1317;16,58333333333330;2019;6;Jun
2019-06-09;05:21:00;21:58:00;321;1318;16,61666666666670;2019;6;Jun
2019-06-10;05:21:00;21:58:00;321;1318;16,61666666666670;2019;6;Jun
2019-06-11;05:20:00;21:59:00;320;1319;16,65000000000000;2019;6;Jun
2019-06-12;05:20:00;22:00:00;320;1320;16,66666666666670;2019;6;Jun
2019-06-13;05:20:00;22:00:00;320;1320;16,66666666666670;2019;6;Jun
2019-06-14;05:20:00;22:01:00;320;1321;16,68333333333330;2019;6;Jun
2019-06-15;05:20:00;22:02:00;320;1322;16,70000000000000;2019;6;Jun
2019-06-16;05:19:00;22:02:00;319;1322;16,71666666666670;2019;6;Jun
2019-06-17;05:19:00;22:02:00;319;1322;16,71666666666670;2019;6;Jun
2019-06-18;05:19:00;22:03:00;319;1323;16,73333333333330;2019;6;Jun
2019-06-19;05:19:00;22:03:00;319;1323;16,73333333333330;2019;6;Jun
2019-06-20;05:20:00;22:03:00;320;1323;16,71666666666670;2019;6;Jun
2019-06-21;05:20:00;22:04:00;320;1324;16,73333333333330;2019;6;Jun
2019-06-22;05:20:00;22:04:00;320;1324;16,73333333333330;2019;6;Jun
2019-06-23;05:20:00;22:04:00;320;1324;16,73333333333330;2019;6;Jun
2019-06-24;05:21:00;22:04:00;321;1324;16,71666666666670;2019;6;Jun
2019-06-25;05:21:00;22:04:00;321;1324;16,71666666666670;2019;6;Jun
2019-06-26;05:21:00;22:04:00;321;1324;16,71666666666670;2019;6;Jun
2019-06-27;05:22:00;22:04:00;322;1324;16,70000000000000;2019;6;Jun
2019-06-28;05:22:00;22:04:00;322;1324;16,70000000000000;2019;6;Jun
2019-06-29;05:23:00;22:04:00;323;1324;16,68333333333330;2019;6;Jun
2019-06-30;05:24:00;22:03:00;324;1323;16,65000000000000;2019;6;Jun
2019-07-01;05:24:00;22:03:00;324;1323;16,65000000000000;2019;7;Jul
2019-07-02;05:25:00;22:03:00;325;1323;16,63333333333330;2019;7;Jul
2019-07-03;05:26:00;22:02:00;326;1322;16,60000000000000;2019;7;Jul
2019-07-04;05:26:00;22:02:00;326;1322;16,60000000000000;2019;7;Jul
2019-07-05;05:27:00;22:01:00;327;1321;16,56666666666670;2019;7;Jul
2019-07-06;05:28:00;22:01:00;328;1321;16,55000000000000;2019;7;Jul
2019-07-07;05:29:00;22:00:00;329;1320;16,51666666666670;2019;7;Jul
2019-07-08;05:30:00;22:00:00;330;1320;16,50000000000000;2019;7;Jul
2019-07-09;05:31:00;21:59:00;331;1319;16,46666666666670;2019;7;Jul
2019-07-10;05:32:00;21:58:00;332;1318;16,43333333333330;2019;7;Jul
2019-07-11;05:33:00;21:57:00;333;1317;16,40000000000000;2019;7;Jul
2019-07-12;05:34:00;21:57:00;334;1317;16,38333333333330;2019;7;Jul
2019-07-13;05:35:00;21:56:00;335;1316;16,35000000000000;2019;7;Jul
2019-07-14;05:36:00;21:55:00;336;1315;16,31666666666670;2019;7;Jul
2019-07-15;05:38:00;21:54:00;338;1314;16,26666666666670;2019;7;Jul
2019-07-16;05:39:00;21:53:00;339;1313;16,23333333333330;2019;7;Jul
2019-07-17;05:40:00;21:52:00;340;1312;16,20000000000000;2019;7;Jul
2019-07-18;05:41:00;21:50:00;341;1310;16,15000000000000;2019;7;Jul
2019-07-19;05:43:00;21:49:00;343;1309;16,10000000000000;2019;7;Jul
2019-07-20;05:44:00;21:48:00;344;1308;16,06666666666670;2019;7;Jul
2019-07-21;05:45:00;21:47:00;345;1307;16,03333333333330;2019;7;Jul
2019-07-22;05:47:00;21:45:00;347;1305;15,96666666666670;2019;7;Jul
2019-07-23;05:48:00;21:44:00;348;1304;15,93333333333330;2019;7;Jul
2019-07-24;05:49:00;21:43:00;349;1303;15,90000000000000;2019;7;Jul
2019-07-25;05:51:00;21:41:00;351;1301;15,83333333333330;2019;7;Jul
2019-07-26;05:52:00;21:40:00;352;1300;15,80000000000000;2019;7;Jul
2019-07-27;05:54:00;21:38:00;354;1298;15,73333333333330;2019;7;Jul
2019-07-28;05:55:00;21:37:00;355;1297;15,70000000000000;2019;7;Jul
2019-07-29;05:57:00;21:35:00;357;1295;15,63333333333330;2019;7;Jul
2019-07-30;05:58:00;21:34:00;358;1294;15,60000000000000;2019;7;Jul
2019-07-31;06:00:00;21:32:00;360;1292;15,53333333333330;2019;7;Jul
2019-08-01;06:01:00;21:30:00;361;1290;15,48333333333330;2019;8;Aug
2019-08-02;06:03:00;21:29:00;363;1289;15,43333333333330;2019;8;Aug
2019-08-03;06:04:00;21:27:00;364;1287;15,38333333333330;2019;8;Aug
2019-08-04;06:06:00;21:25:00;366;1285;15,31666666666670;2019;8;Aug
2019-08-05;06:07:00;21:24:00;367;1284;15,28333333333330;2019;8;Aug
2019-08-06;06:09:00;21:22:00;369;1282;15,21666666666670;2019;8;Aug
2019-08-07;06:11:00;21:20:00;371;1280;15,15000000000000;2019;8;Aug
2019-08-08;06:12:00;21:18:00;372;1278;15,10000000000000;2019;8;Aug
2019-08-09;06:14:00;21:16:00;374;1276;15,03333333333330;2019;8;Aug
2019-08-10;06:15:00;21:14:00;375;1274;14,98333333333330;2019;8;Aug
2019-08-11;06:17:00;21:12:00;377;1272;14,91666666666670;2019;8;Aug
2019-08-12;06:19:00;21:10:00;379;1270;14,85000000000000;2019;8;Aug
2019-08-13;06:20:00;21:09:00;380;1269;14,81666666666670;2019;8;Aug
2019-08-14;06:22:00;21:07:00;382;1267;14,75000000000000;2019;8;Aug
2019-08-15;06:23:00;21:05:00;383;1265;14,70000000000000;2019;8;Aug
2019-08-16;06:25:00;21:03:00;385;1263;14,63333333333330;2019;8;Aug
2019-08-17;06:27:00;21:00:00;387;1260;14,55000000000000;2019;8;Aug
2019-08-18;06:28:00;20:58:00;388;1258;14,50000000000000;2019;8;Aug
2019-08-19;06:30:00;20:56:00;390;1256;14,43333333333330;2019;8;Aug
2019-08-20;06:32:00;20:54:00;392;1254;14,36666666666670;2019;8;Aug
2019-08-21;06:33:00;20:52:00;393;1252;14,31666666666670;2019;8;Aug
2019-08-22;06:35:00;20:50:00;395;1250;14,25000000000000;2019;8;Aug
2019-08-23;06:36:00;20:48:00;396;1248;14,20000000000000;2019;8;Aug
2019-08-24;06:38:00;20:46:00;398;1246;14,13333333333330;2019;8;Aug
2019-08-25;06:40:00;20:44:00;400;1244;14,06666666666670;2019;8;Aug
2019-08-26;06:41:00;20:41:00;401;1241;14,00000000000000;2019;8;Aug
2019-08-27;06:43:00;20:39:00;403;1239;13,93333333333330;2019;8;Aug
2019-08-28;06:45:00;20:37:00;405;1237;13,86666666666670;2019;8;Aug
2019-08-29;06:46:00;20:35:00;406;1235;13,81666666666670;2019;8;Aug
2019-08-30;06:48:00;20:32:00;408;1232;13,73333333333330;2019;8;Aug
2019-08-31;06:50:00;20:30:00;410;1230;13,66666666666670;2019;8;Aug
2019-09-01;06:51:00;20:28:00;411;1228;13,61666666666670;2019;9;Sep
2019-09-02;06:53:00;20:26:00;413;1226;13,55000000000000;2019;9;Sep
2019-09-03;06:54:00;20:23:00;414;1223;13,48333333333330;2019;9;Sep
2019-09-04;06:56:00;20:21:00;416;1221;13,41666666666670;2019;9;Sep
2019-09-05;06:58:00;20:19:00;418;1219;13,35000000000000;2019;9;Sep
2019-09-06;06:59:00;20:17:00;419;1217;13,30000000000000;2019;9;Sep
2019-09-07;07:01:00;20:14:00;421;1214;13,21666666666670;2019;9;Sep
2019-09-08;07:03:00;20:12:00;423;1212;13,15000000000000;2019;9;Sep
2019-09-09;07:04:00;20:10:00;424;1210;13,10000000000000;2019;9;Sep
2019-09-10;07:06:00;20:07:00;426;1207;13,01666666666670;2019;9;Sep
2019-09-11;07:07:00;20:05:00;427;1205;12,96666666666670;2019;9;Sep
2019-09-12;07:09:00;20:03:00;429;1203;12,90000000000000;2019;9;Sep
2019-09-13;07:11:00;20:00:00;431;1200;12,81666666666670;2019;9;Sep
2019-09-14;07:12:00;19:58:00;432;1198;12,76666666666670;2019;9;Sep
2019-09-15;07:14:00;19:56:00;434;1196;12,70000000000000;2019;9;Sep
2019-09-16;07:15:00;19:53:00;435;1193;12,63333333333330;2019;9;Sep
2019-09-17;07:17:00;19:51:00;437;1191;12,56666666666670;2019;9;Sep
2019-09-18;07:19:00;19:49:00;439;1189;12,50000000000000;2019;9;Sep
2019-09-19;07:20:00;19:46:00;440;1186;12,43333333333330;2019;9;Sep
2019-09-20;07:22:00;19:44:00;442;1184;12,36666666666670;2019;9;Sep
2019-09-21;07:24:00;19:42:00;444;1182;12,30000000000000;2019;9;Sep
2019-09-22;07:25:00;19:39:00;445;1179;12,23333333333330;2019;9;Sep
2019-09-23;07:27:00;19:37:00;447;1177;12,16666666666670;2019;9;Sep
2019-09-24;07:29:00;19:35:00;449;1175;12,10000000000000;2019;9;Sep
2019-09-25;07:30:00;19:32:00;450;1172;12,03333333333330;2019;9;Sep
2019-09-26;07:32:00;19:30:00;452;1170;11,96666666666670;2019;9;Sep
2019-09-27;07:34:00;19:28:00;454;1168;11,90000000000000;2019;9;Sep
2019-09-28;07:35:00;19:25:00;455;1165;11,83333333333330;2019;9;Sep
2019-09-29;07:37:00;19:23:00;457;1163;11,76666666666670;2019;9;Sep
2019-09-30;07:39:00;19:21:00;459;1161;11,70000000000000;2019;9;Sep
2019-10-01;07:40:00;19:18:00;460;1158;11,63333333333330;2019;10;Oct
2019-10-02;07:42:00;19:16:00;462;1156;11,56666666666670;2019;10;Oct
2019-10-03;07:44:00;19:14:00;464;1154;11,50000000000000;2019;10;Oct
2019-10-04;07:45:00;19:11:00;465;1151;11,43333333333330;2019;10;Oct
2019-10-05;07:47:00;19:09:00;467;1149;11,36666666666670;2019;10;Oct
2019-10-06;07:49:00;19:07:00;469;1147;11,30000000000000;2019;10;Oct
2019-10-07;07:50:00;19:05:00;470;1145;11,25000000000000;2019;10;Oct
2019-10-08;07:52:00;19:02:00;472;1142;11,16666666666670;2019;10;Oct
2019-10-09;07:54:00;19:00:00;474;1140;11,10000000000000;2019;10;Oct
2019-10-10;07:55:00;18:58:00;475;1138;11,05000000000000;2019;10;Oct
2019-10-11;07:57:00;18:56:00;477;1136;10,98333333333330;2019;10;Oct
2019-10-12;07:59:00;18:53:00;479;1133;10,90000000000000;2019;10;Oct
2019-10-13;08:01:00;18:51:00;481;1131;10,83333333333330;2019;10;Oct
2019-10-14;08:02:00;18:49:00;482;1129;10,78333333333330;2019;10;Oct
2019-10-15;08:04:00;18:47:00;484;1127;10,71666666666670;2019;10;Oct
2019-10-16;08:06:00;18:45:00;486;1125;10,65000000000000;2019;10;Oct
2019-10-17;08:07:00;18:42:00;487;1122;10,58333333333330;2019;10;Oct
2019-10-18;08:09:00;18:40:00;489;1120;10,51666666666670;2019;10;Oct
2019-10-19;08:11:00;18:38:00;491;1118;10,45000000000000;2019;10;Oct
2019-10-20;08:13:00;18:36:00;493;1116;10,38333333333330;2019;10;Oct
2019-10-21;08:14:00;18:34:00;494;1114;10,33333333333330;2019;10;Oct
2019-10-22;08:16:00;18:32:00;496;1112;10,26666666666670;2019;10;Oct
2019-10-23;08:18:00;18:30:00;498;1110;10,20000000000000;2019;10;Oct
2019-10-24;08:20:00;18:28:00;500;1108;10,13333333333330;2019;10;Oct
2019-10-25;08:22:00;18:26:00;502;1106;10,06666666666670;2019;10;Oct
2019-10-26;08:23:00;18:24:00;503;1104;10,01666666666670;2019;10;Oct
2019-10-27;07:25:00;17:22:00;445;1042;9,95000000000000;2019;10;Oct
2019-10-28;07:27:00;17:19:00;447;1039;9,86666666666667;2019;10;Oct
2019-10-29;07:29:00;17:18:00;449;1038;9,81666666666667;2019;10;Oct
2019-10-30;07:31:00;17:16:00;451;1036;9,75000000000000;2019;10;Oct
2019-10-31;07:32:00;17:14:00;452;1034;9,70000000000000;2019;10;Oct
2019-11-01;07:34:00;17:12:00;454;1032;9,63333333333333;2019;11;Nov
2019-11-02;07:36:00;17:10:00;456;1030;9,56666666666667;2019;11;Nov
2019-11-03;07:38:00;17:09:00;458;1029;9,51666666666667;2019;11;Nov
2019-11-04;07:40:00;17:07:00;460;1027;9,45000000000000;2019;11;Nov
2019-11-05;07:41:00;17:05:00;461;1025;9,40000000000000;2019;11;Nov
2019-11-06;07:44:00;17:03:00;464;1023;9,31666666666667;2019;11;Nov
2019-11-07;07:45:00;17:02:00;465;1022;9,28333333333333;2019;11;Nov
2019-11-08;07:47:00;17:00:00;467;1020;9,21666666666667;2019;11;Nov
2019-11-09;07:49:00;16:58:00;469;1018;9,15000000000000;2019;11;Nov
2019-11-10;07:50:00;16:57:00;470;1017;9,11666666666667;2019;11;Nov
2019-11-11;07:52:00;16:55:00;472;1015;9,05000000000000;2019;11;Nov
2019-11-12;07:54:00;16:54:00;474;1014;9,00000000000000;2019;11;Nov
2019-11-13;07:56:00;16:52:00;476;1012;8,93333333333333;2019;11;Nov
2019-11-14;07:57:00;16:51:00;477;1011;8,90000000000000;2019;11;Nov
2019-11-15;07:59:00;16:49:00;479;1009;8,83333333333333;2019;11;Nov
2019-11-16;08:01:00;16:48:00;481;1008;8,78333333333333;2019;11;Nov
2019-11-17;08:03:00;16:47:00;483;1007;8,73333333333333;2019;11;Nov
2019-11-18;08:04:00;16:45:00;484;1005;8,68333333333333;2019;11;Nov
2019-11-19;08:06:00;16:44:00;486;1004;8,63333333333333;2019;11;Nov
2019-11-20;08:08:00;16:43:00;488;1003;8,58333333333333;2019;11;Nov
2019-11-21;08:09:00;16:42:00;489;1002;8,55000000000000;2019;11;Nov
2019-11-22;08:11:00;16:41:00;491;1001;8,50000000000000;2019;11;Nov
2019-11-23;08:13:00;16:39:00;493;999;8,43333333333333;2019;11;Nov
2019-11-24;08:14:00;16:38:00;494;998;8,40000000000000;2019;11;Nov
2019-11-25;08:16:00;16:37:00;496;997;8,35000000000000;2019;11;Nov
2019-11-26;08:17:00;16:36:00;497;996;8,31666666666667;2019;11;Nov
2019-11-27;08:19:00;16:36:00;499;996;8,28333333333333;2019;11;Nov
2019-11-28;08:21:00;16:35:00;501;995;8,23333333333333;2019;11;Nov
2019-11-29;08:22:00;16:34:00;502;994;8,20000000000000;2019;11;Nov
2019-11-30;08:24:00;16:33:00;504;993;8,15000000000000;2019;11;Nov
2019-12-01;08:25:00;16:32:00;505;992;8,11666666666667;2019;12;Dec
2019-12-02;08:26:00;16:32:00;506;992;8,10000000000000;2019;12;Dec
2019-12-03;08:28:00;16:31:00;508;991;8,05000000000000;2019;12;Dec
2019-12-04;08:29:00;16:31:00;509;991;8,03333333333333;2019;12;Dec
2019-12-05;08:30:00;16:30:00;510;990;8,00000000000000;2019;12;Dec
2019-12-06;08:32:00;16:30:00;512;990;7,96666666666667;2019;12;Dec
2019-12-07;08:33:00;16:29:00;513;989;7,93333333333333;2019;12;Dec
2019-12-08;08:34:00;16:29:00;514;989;7,91666666666667;2019;12;Dec
2019-12-09;08:35:00;16:29:00;515;989;7,90000000000000;2019;12;Dec
2019-12-10;08:36:00;16:29:00;516;989;7,88333333333333;2019;12;Dec
2019-12-11;08:38:00;16:28:00;518;988;7,83333333333333;2019;12;Dec
2019-12-12;08:39:00;16:28:00;519;988;7,81666666666667;2019;12;Dec
2019-12-13;08:40:00;16:28:00;520;988;7,80000000000000;2019;12;Dec
2019-12-14;08:40:00;16:28:00;520;988;7,80000000000000;2019;12;Dec
2019-12-15;08:41:00;16:28:00;521;988;7,78333333333333;2019;12;Dec
2019-12-16;08:42:00;16:29:00;522;989;7,78333333333333;2019;12;Dec
2019-12-17;08:43:00;16:29:00;523;989;7,76666666666667;2019;12;Dec
2019-12-18;08:44:00;16:29:00;524;989;7,75000000000000;2019;12;Dec
2019-12-19;08:44:00;16:29:00;524;989;7,75000000000000;2019;12;Dec
2019-12-20;08:45:00;16:30:00;525;990;7,75000000000000;2019;12;Dec
2019-12-21;08:46:00;16:30:00;526;990;7,73333333333333;2019;12;Dec
2019-12-22;08:46:00;16:31:00;526;991;7,75000000000000;2019;12;Dec
2019-12-23;08:47:00;16:31:00;527;991;7,73333333333333;2019;12;Dec
2019-12-24;08:47:00;16:32:00;527;992;7,75000000000000;2019;12;Dec
2019-12-25;08:47:00;16:33:00;527;993;7,76666666666667;2019;12;Dec
2019-12-26;08:48:00;16:33:00;528;993;7,75000000000000;2019;12;Dec
2019-12-27;08:48:00;16:34:00;528;994;7,76666666666667;2019;12;Dec
2019-12-28;08:48:00;16:35:00;528;995;7,78333333333333;2019;12;Dec
2019-12-29;08:48:00;16:36:00;528;996;7,80000000000000;2019;12;Dec
2019-12-30;08:48:00;16:37:00;528;997;7,81666666666667;2019;12;Dec
2019-12-31;08:48:00;16:38:00;528;998;7,83333333333333;2019;12;Dec
2020-01-01;08:48:00;16:39:00;528;999;7,85000000000000;2020;1;Jan
2020-01-02;08:48:00;16:40:00;528;1000;7,86666666666667;2020;1;Jan
2020-01-03;08:48:00;16:41:00;528;1001;7,88333333333333;2020;1;Jan
2020-01-04;08:48:00;16:42:00;528;1002;7,90000000000000;2020;1;Jan
2020-01-05;08:47:00;16:43:00;527;1003;7,93333333333333;2020;1;Jan
2020-01-06;08:47:00;16:44:00;527;1004;7,95000000000000;2020;1;Jan
2020-01-07;08:47:00;16:46:00;527;1006;7,98333333333333;2020;1;Jan
2020-01-08;08:46:00;16:47:00;526;1007;8,01666666666667;2020;1;Jan
2020-01-09;08:46:00;16:48:00;526;1008;8,03333333333333;2020;1;Jan
2020-01-10;08:45:00;16:50:00;525;1010;8,08333333333333;2020;1;Jan
2020-01-11;08:45:00;16:51:00;525;1011;8,10000000000000;2020;1;Jan
2020-01-12;08:44:00;16:53:00;524;1013;8,15000000000000;2020;1;Jan
2020-01-13;08:43:00;16:54:00;523;1014;8,18333333333333;2020;1;Jan
2020-01-14;08:42:00;16:56:00;522;1016;8,23333333333333;2020;1;Jan
2020-01-15;08:42:00;16:57:00;522;1017;8,25000000000000;2020;1;Jan
2020-01-16;08:41:00;16:59:00;521;1019;8,30000000000000;2020;1;Jan
2020-01-17;08:40:00;17:00:00;520;1020;8,33333333333333;2020;1;Jan
2020-01-18;08:39:00;17:02:00;519;1022;8,38333333333333;2020;1;Jan
2020-01-19;08:38:00;17:04:00;518;1024;8,43333333333333;2020;1;Jan
2020-01-20;08:37:00;17:05:00;517;1025;8,46666666666667;2020;1;Jan
2020-01-21;08:36:00;17:07:00;516;1027;8,51666666666667;2020;1;Jan
2020-01-22;08:35:00;17:09:00;515;1029;8,56666666666667;2020;1;Jan
2020-01-23;08:33:00;17:11:00;513;1031;8,63333333333333;2020;1;Jan
2020-01-24;08:32:00;17:12:00;512;1032;8,66666666666667;2020;1;Jan
2020-01-25;08:31:00;17:14:00;511;1034;8,71666666666667;2020;1;Jan
2020-01-26;08:30:00;17:16:00;510;1036;8,76666666666667;2020;1;Jan
2020-01-27;08:28:00;17:18:00;508;1038;8,83333333333333;2020;1;Jan
2020-01-28;08:27:00;17:19:00;507;1039;8,86666666666667;2020;1;Jan
2020-01-29;08:25:00;17:21:00;505;1041;8,93333333333333;2020;1;Jan
2020-01-30;08:24:00;17:23:00;504;1043;8,98333333333333;2020;1;Jan
2020-01-31;08:22:00;17:25:00;502;1045;9,05000000000000;2020;1;Jan
2020-02-01;08:21:00;17:27:00;501;1047;9,10000000000000;2020;2;Feb
2020-02-02;08:19:00;17:29:00;499;1049;9,16666666666667;2020;2;Feb
2020-02-03;08:18:00;17:31:00;498;1051;9,21666666666667;2020;2;Feb
2020-02-04;08:16:00;17:32:00;496;1052;9,26666666666667;2020;2;Feb
2020-02-05;08:14:00;17:34:00;494;1054;9,33333333333333;2020;2;Feb
2020-02-06;08:13:00;17:36:00;493;1056;9,38333333333333;2020;2;Feb
2020-02-07;08:11:00;17:38:00;491;1058;9,45000000000000;2020;2;Feb
2020-02-08;08:09:00;17:40:00;489;1060;9,51666666666667;2020;2;Feb
2020-02-09;08:07:00;17:42:00;487;1062;9,58333333333333;2020;2;Feb
2020-02-10;08:06:00;17:44:00;486;1064;9,63333333333333;2020;2;Feb
2020-02-11;08:04:00;17:45:00;484;1065;9,68333333333333;2020;2;Feb
2020-02-12;08:02:00;17:47:00;482;1067;9,75000000000000;2020;2;Feb
2020-02-13;08:00:00;17:49:00;480;1069;9,81666666666667;2020;2;Feb
2020-02-14;07:58:00;17:51:00;478;1071;9,88333333333333;2020;2;Feb
2020-02-15;07:56:00;17:53:00;476;1073;9,95000000000000;2020;2;Feb
2020-02-16;07:54:00;17:55:00;474;1075;10,01666666666670;2020;2;Feb
2020-02-17;07:52:00;17:57:00;472;1077;10,08333333333330;2020;2;Feb
2020-02-18;07:50:00;17:58:00;470;1078;10,13333333333330;2020;2;Feb
2020-02-19;07:48:00;18:00:00;468;1080;10,20000000000000;2020;2;Feb
2020-02-20;07:46:00;18:02:00;466;1082;10,26666666666670;2020;2;Feb
2020-02-21;07:44:00;18:04:00;464;1084;10,33333333333330;2020;2;Feb
2020-02-22;07:42:00;18:06:00;462;1086;10,40000000000000;2020;2;Feb
2020-02-23;07:40:00;18:08:00;460;1088;10,46666666666670;2020;2;Feb
2020-02-24;07:38:00;18:10:00;458;1090;10,53333333333330;2020;2;Feb
2020-02-25;07:36:00;18:11:00;456;1091;10,58333333333330;2020;2;Feb
2020-02-26;07:34:00;18:13:00;454;1093;10,65000000000000;2020;2;Feb
2020-02-27;07:32:00;18:15:00;452;1095;10,71666666666670;2020;2;Feb
2020-02-28;07:29:00;18:17:00;449;1097;10,80000000000000;2020;2;Feb
2020-02-29;07:27:00;18:19:00;447;1099;10,86666666666670;2020;2;Feb
2020-03-01;07:25:00;18:20:00;445;1100;10,91666666666670;2020;3;Mar
2020-03-02;07:23:00;18:22:00;443;1102;10,98333333333330;2020;3;Mar
2020-03-03;07:21:00;18:24:00;441;1104;11,05000000000000;2020;3;Mar
2020-03-04;07:18:00;18:26:00;438;1106;11,13333333333330;2020;3;Mar
2020-03-05;07:16:00;18:28:00;436;1108;11,20000000000000;2020;3;Mar
2020-03-06;07:14:00;18:29:00;434;1109;11,25000000000000;2020;3;Mar
2020-03-07;07:12:00;18:31:00;432;1111;11,31666666666670;2020;3;Mar
2020-03-08;07:09:00;18:33:00;429;1113;11,40000000000000;2020;3;Mar
2020-03-09;07:07:00;18:35:00;427;1115;11,46666666666670;2020;3;Mar
2020-03-10;07:05:00;18:36:00;425;1116;11,51666666666670;2020;3;Mar
2020-03-11;07:03:00;18:38:00;423;1118;11,58333333333330;2020;3;Mar
2020-03-12;07:00:00;18:40:00;420;1120;11,66666666666670;2020;3;Mar
2020-03-13;06:58:00;18:42:00;418;1122;11,73333333333330;2020;3;Mar
2020-03-14;06:56:00;18:43:00;416;1123;11,78333333333330;2020;3;Mar
2020-03-15;06:53:00;18:45:00;413;1125;11,86666666666670;2020;3;Mar
2020-03-16;06:51:00;18:47:00;411;1127;11,93333333333330;2020;3;Mar
2020-03-17;06:49:00;18:49:00;409;1129;12,00000000000000;2020;3;Mar
2020-03-18;06:47:00;18:50:00;407;1130;12,05000000000000;2020;3;Mar
2020-03-19;06:44:00;18:52:00;404;1132;12,13333333333330;2020;3;Mar
2020-03-20;06:42:00;18:54:00;402;1134;12,20000000000000;2020;3;Mar
2020-03-21;06:40:00;18:56:00;400;1136;12,26666666666670;2020;3;Mar
2020-03-22;06:37:00;18:57:00;397;1137;12,33333333333330;2020;3;Mar
2020-03-23;06:35:00;18:59:00;395;1139;12,40000000000000;2020;3;Mar
2020-03-24;06:33:00;19:01:00;393;1141;12,46666666666670;2020;3;Mar
2020-03-25;06:30:00;19:02:00;390;1142;12,53333333333330;2020;3;Mar
2020-03-26;06:28:00;19:04:00;388;1144;12,60000000000000;2020;3;Mar
2020-03-27;06:26:00;19:06:00;386;1146;12,66666666666670;2020;3;Mar
2020-03-28;06:23:00;19:08:00;383;1148;12,75000000000000;2020;3;Mar
2020-03-29;07:21:00;20:09:00;441;1209;12,80000000000000;2020;3;Mar
2020-03-30;07:19:00;20:11:00;439;1211;12,86666666666670;2020;3;Mar
2020-03-31;07:16:00;20:13:00;436;1213;12,95000000000000;2020;3;Mar
2020-04-01;07:14:00;20:14:00;434;1214;13,00000000000000;2020;4;Apr
2020-04-02;07:12:00;20:16:00;432;1216;13,06666666666670;2020;4;Apr
2020-04-03;07:10:00;20:18:00;430;1218;13,13333333333330;2020;4;Apr
2020-04-04;07:07:00;20:20:00;427;1220;13,21666666666670;2020;4;Apr
2020-04-05;07:05:00;20:21:00;425;1221;13,26666666666670;2020;4;Apr
2020-04-06;07:03:00;20:23:00;423;1223;13,33333333333330;2020;4;Apr
2020-04-07;07:00:00;20:25:00;420;1225;13,41666666666670;2020;4;Apr
2020-04-08;06:58:00;20:26:00;418;1226;13,46666666666670;2020;4;Apr
2020-04-09;06:56:00;20:28:00;416;1228;13,53333333333330;2020;4;Apr
2020-04-10;06:54:00;20:30:00;414;1230;13,60000000000000;2020;4;Apr
2020-04-11;06:51:00;20:32:00;411;1232;13,68333333333330;2020;4;Apr
2020-04-12;06:49:00;20:33:00;409;1233;13,73333333333330;2020;4;Apr
2020-04-13;06:47:00;20:35:00;407;1235;13,80000000000000;2020;4;Apr
2020-04-14;06:45:00;20:37:00;405;1237;13,86666666666670;2020;4;Apr
2020-04-15;06:43:00;20:38:00;403;1238;13,91666666666670;2020;4;Apr
2020-04-16;06:40:00;20:40:00;400;1240;14,00000000000000;2020;4;Apr
2020-04-17;06:38:00;20:42:00;398;1242;14,06666666666670;2020;4;Apr
2020-04-18;06:36:00;20:44:00;396;1244;14,13333333333330;2020;4;Apr
2020-04-19;06:34:00;20:45:00;394;1245;14,18333333333330;2020;4;Apr
2020-04-20;06:32:00;20:47:00;392;1247;14,25000000000000;2020;4;Apr
2020-04-21;06:30:00;20:49:00;390;1249;14,31666666666670;2020;4;Apr
2020-04-22;06:28:00;20:50:00;388;1250;14,36666666666670;2020;4;Apr
2020-04-23;06:26:00;20:52:00;386;1252;14,43333333333330;2020;4;Apr
2020-04-24;06:24:00;20:54:00;384;1254;14,50000000000000;2020;4;Apr
2020-04-25;06:21:00;20:55:00;381;1255;14,56666666666670;2020;4;Apr
2020-04-26;06:19:00;20:57:00;379;1257;14,63333333333330;2020;4;Apr
2020-04-27;06:17:00;20:59:00;377;1259;14,70000000000000;2020;4;Apr
2020-04-28;06:15:00;21:01:00;375;1261;14,76666666666670;2020;4;Apr
2020-04-29;06:14:00;21:02:00;374;1262;14,80000000000000;2020;4;Apr
2020-04-30;06:12:00;21:04:00;372;1264;14,86666666666670;2020;4;Apr
2020-05-01;06:10:00;21:06:00;370;1266;14,93333333333330;2020;5;May
2020-05-02;06:08:00;21:07:00;368;1267;14,98333333333330;2020;5;May
2020-05-03;06:06:00;21:09:00;366;1269;15,05000000000000;2020;5;May
2020-05-04;06:04:00;21:11:00;364;1271;15,11666666666670;2020;5;May
2020-05-05;06:02:00;21:12:00;362;1272;15,16666666666670;2020;5;May
2020-05-06;06:00:00;21:14:00;360;1274;15,23333333333330;2020;5;May
2020-05-07;05:59:00;21:15:00;359;1275;15,26666666666670;2020;5;May
2020-05-08;05:57:00;21:17:00;357;1277;15,33333333333330;2020;5;May
2020-05-09;05:55:00;21:19:00;355;1279;15,40000000000000;2020;5;May
2020-05-10;05:54:00;21:20:00;354;1280;15,43333333333330;2020;5;May
2020-05-11;05:52:00;21:22:00;352;1282;15,50000000000000;2020;5;May
2020-05-12;05:50:00;21:23:00;350;1283;15,55000000000000;2020;5;May
2020-05-13;05:49:00;21:25:00;349;1285;15,60000000000000;2020;5;May
2020-05-14;05:47:00;21:27:00;347;1287;15,66666666666670;2020;5;May
2020-05-15;05:46:00;21:28:00;346;1288;15,70000000000000;2020;5;May
2020-05-16;05:44:00;21:30:00;344;1290;15,76666666666670;2020;5;May
2020-05-17;05:43:00;21:31:00;343;1291;15,80000000000000;2020;5;May
2020-05-18;05:41:00;21:33:00;341;1293;15,86666666666670;2020;5;May
2020-05-19;05:40:00;21:34:00;340;1294;15,90000000000000;2020;5;May
2020-05-20;05:39:00;21:36:00;339;1296;15,95000000000000;2020;5;May
2020-05-21;05:37:00;21:37:00;337;1297;16,00000000000000;2020;5;May
2020-05-22;05:36:00;21:38:00;336;1298;16,03333333333330;2020;5;May
2020-05-23;05:35:00;21:40:00;335;1300;16,08333333333330;2020;5;May
2020-05-24;05:34:00;21:41:00;334;1301;16,11666666666670;2020;5;May
2020-05-25;05:32:00;21:42:00;332;1302;16,16666666666670;2020;5;May
2020-05-26;05:31:00;21:44:00;331;1304;16,21666666666670;2020;5;May
2020-05-27;05:30:00;21:45:00;330;1305;16,25000000000000;2020;5;May
2020-05-28;05:29:00;21:46:00;329;1306;16,28333333333330;2020;5;May
2020-05-29;05:28:00;21:47:00;328;1307;16,31666666666670;2020;5;May
2020-05-30;05:27:00;21:49:00;327;1309;16,36666666666670;2020;5;May
2020-05-31;05:27:00;21:50:00;327;1310;16,38333333333330;2020;5;May
2020-06-01;05:26:00;21:51:00;326;1311;16,41666666666670;2020;6;Jun
2020-06-02;05:25:00;21:52:00;325;1312;16,45000000000000;2020;6;Jun
2020-06-03;05:24:00;21:53:00;324;1313;16,48333333333330;2020;6;Jun
2020-06-04;05:24:00;21:54:00;324;1314;16,50000000000000;2020;6;Jun
2020-06-05;05:23:00;21:55:00;323;1315;16,53333333333330;2020;6;Jun
2020-06-06;05:22:00;21:56:00;322;1316;16,56666666666670;2020;6;Jun
2020-06-07;05:22:00;21:57:00;322;1317;16,58333333333330;2020;6;Jun
2020-06-08;05:21:00;21:57:00;321;1317;16,60000000000000;2020;6;Jun
2020-06-09;05:21:00;21:58:00;321;1318;16,61666666666670;2020;6;Jun
2020-06-10;05:21:00;21:59:00;321;1319;16,63333333333330;2020;6;Jun
2020-06-11;05:20:00;22:00:00;320;1320;16,66666666666670;2020;6;Jun
2020-06-12;05:20:00;22:00:00;320;1320;16,66666666666670;2020;6;Jun
2020-06-13;05:20:00;22:01:00;320;1321;16,68333333333330;2020;6;Jun
2020-06-14;05:20:00;22:01:00;320;1321;16,68333333333330;2020;6;Jun
2020-06-15;05:19:00;22:02:00;319;1322;16,71666666666670;2020;6;Jun
2020-06-16;05:19:00;22:02:00;319;1322;16,71666666666670;2020;6;Jun
2020-06-17;05:19:00;22:03:00;319;1323;16,73333333333330;2020;6;Jun
2020-06-18;05:19:00;22:03:00;319;1323;16,73333333333330;2020;6;Jun
2020-06-19;05:20:00;22:03:00;320;1323;16,71666666666670;2020;6;Jun
2020-06-20;05:20:00;22:04:00;320;1324;16,73333333333330;2020;6;Jun
2020-06-21;05:20:00;22:04:00;320;1324;16,73333333333330;2020;6;Jun
2020-06-22;05:20:00;22:04:00;320;1324;16,73333333333330;2020;6;Jun
2020-06-23;05:20:00;22:04:00;320;1324;16,73333333333330;2020;6;Jun
2020-06-24;05:21:00;22:04:00;321;1324;16,71666666666670;2020;6;Jun
2020-06-25;05:21:00;22:04:00;321;1324;16,71666666666670;2020;6;Jun
2020-06-26;05:22:00;22:04:00;322;1324;16,70000000000000;2020;6;Jun
2020-06-27;05:22:00;22:04:00;322;1324;16,70000000000000;2020;6;Jun
2020-06-28;05:23:00;22:04:00;323;1324;16,68333333333330;2020;6;Jun
2020-06-29;05:23:00;22:04:00;323;1324;16,68333333333330;2020;6;Jun
2020-06-30;05:24:00;22:03:00;324;1323;16,65000000000000;2020;6;Jun
2020-07-01;05:25:00;22:03:00;325;1323;16,63333333333330;2020;7;Jul
2020-07-02;05:25:00;22:03:00;325;1323;16,63333333333330;2020;7;Jul
2020-07-03;05:26:00;22:02:00;326;1322;16,60000000000000;2020;7;Jul
2020-07-04;05:27:00;22:02:00;327;1322;16,58333333333330;2020;7;Jul
2020-07-05;05:28:00;22:01:00;328;1321;16,55000000000000;2020;7;Jul
2020-07-06;05:29:00;22:00:00;329;1320;16,51666666666670;2020;7;Jul
2020-07-07;05:30:00;22:00:00;330;1320;16,50000000000000;2020;7;Jul
2020-07-08;05:31:00;21:59:00;331;1319;16,46666666666670;2020;7;Jul
2020-07-09;05:32:00;21:58:00;332;1318;16,43333333333330;2020;7;Jul
2020-07-10;05:33:00;21:58:00;333;1318;16,41666666666670;2020;7;Jul
2020-07-11;05:34:00;21:57:00;334;1317;16,38333333333330;2020;7;Jul
2020-07-12;05:35:00;21:56:00;335;1316;16,35000000000000;2020;7;Jul
2020-07-13;05:36:00;21:55:00;336;1315;16,31666666666670;2020;7;Jul
2020-07-14;05:37:00;21:54:00;337;1314;16,28333333333330;2020;7;Jul
2020-07-15;05:38:00;21:53:00;338;1313;16,25000000000000;2020;7;Jul
2020-07-16;05:40:00;21:52:00;340;1312;16,20000000000000;2020;7;Jul
2020-07-17;05:41:00;21:51:00;341;1311;16,16666666666670;2020;7;Jul
2020-07-18;05:42:00;21:50:00;342;1310;16,13333333333330;2020;7;Jul
2020-07-19;05:44:00;21:48:00;344;1308;16,06666666666670;2020;7;Jul
2020-07-20;05:45:00;21:47:00;345;1307;16,03333333333330;2020;7;Jul
2020-07-21;05:46:00;21:46:00;346;1306;16,00000000000000;2020;7;Jul
2020-07-22;05:48:00;21:44:00;348;1304;15,93333333333330;2020;7;Jul
2020-07-23;05:49:00;21:43:00;349;1303;15,90000000000000;2020;7;Jul
2020-07-24;05:51:00;21:42:00;351;1302;15,85000000000000;2020;7;Jul
2020-07-25;05:52:00;21:40:00;352;1300;15,80000000000000;2020;7;Jul
2020-07-26;05:53:00;21:39:00;353;1299;15,76666666666670;2020;7;Jul
2020-07-27;05:55:00;21:37:00;355;1297;15,70000000000000;2020;7;Jul
2020-07-28;05:56:00;21:36:00;356;1296;15,66666666666670;2020;7;Jul
2020-07-29;05:58:00;21:34:00;358;1294;15,60000000000000;2020;7;Jul
2020-07-30;05:59:00;21:33:00;359;1293;15,56666666666670;2020;7;Jul
2020-07-31;06:01:00;21:31:00;361;1291;15,50000000000000;2020;7;Jul
2020-08-01;06:02:00;21:29:00;362;1289;15,45000000000000;2020;8;Aug
2020-08-02;06:04:00;21:28:00;364;1288;15,40000000000000;2020;8;Aug
2020-08-03;06:05:00;21:26:00;365;1286;15,35000000000000;2020;8;Aug
2020-08-04;06:07:00;21:24:00;367;1284;15,28333333333330;2020;8;Aug
2020-08-05;06:09:00;21:22:00;369;1282;15,21666666666670;2020;8;Aug
2020-08-06;06:10:00;21:20:00;370;1280;15,16666666666670;2020;8;Aug
2020-08-07;06:12:00;21:19:00;372;1279;15,11666666666670;2020;8;Aug
2020-08-08;06:13:00;21:17:00;373;1277;15,06666666666670;2020;8;Aug
2020-08-09;06:15:00;21:15:00;375;1275;15,00000000000000;2020;8;Aug
2020-08-10;06:17:00;21:13:00;377;1273;14,93333333333330;2020;8;Aug
2020-08-11;06:18:00;21:11:00;378;1271;14,88333333333330;2020;8;Aug
2020-08-12;06:20:00;21:09:00;380;1269;14,81666666666670;2020;8;Aug
2020-08-13;06:21:00;21:07:00;381;1267;14,76666666666670;2020;8;Aug
2020-08-14;06:23:00;21:05:00;383;1265;14,70000000000000;2020;8;Aug
2020-08-15;06:25:00;21:03:00;385;1263;14,63333333333330;2020;8;Aug
2020-08-16;06:26:00;21:01:00;386;1261;14,58333333333330;2020;8;Aug
2020-08-17;06:28:00;20:59:00;388;1259;14,51666666666670;2020;8;Aug
2020-08-18;06:30:00;20:57:00;390;1257;14,45000000000000;2020;8;Aug
2020-08-19;06:31:00;20:55:00;391;1255;14,40000000000000;2020;8;Aug
2020-08-20;06:33:00;20:53:00;393;1253;14,33333333333330;2020;8;Aug
2020-08-21;06:34:00;20:51:00;394;1251;14,28333333333330;2020;8;Aug
2020-08-22;06:36:00;20:48:00;396;1248;14,20000000000000;2020;8;Aug
2020-08-23;06:38:00;20:46:00;398;1246;14,13333333333330;2020;8;Aug
2020-08-24;06:39:00;20:44:00;399;1244;14,08333333333330;2020;8;Aug
2020-08-25;06:41:00;20:42:00;401;1242;14,01666666666670;2020;8;Aug
2020-08-26;06:43:00;20:40:00;403;1240;13,95000000000000;2020;8;Aug
2020-08-27;06:44:00;20:37:00;404;1237;13,88333333333330;2020;8;Aug
2020-08-28;06:46:00;20:35:00;406;1235;13,81666666666670;2020;8;Aug
2020-08-29;06:47:00;20:33:00;407;1233;13,76666666666670;2020;8;Aug
2020-08-30;06:49:00;20:31:00;409;1231;13,70000000000000;2020;8;Aug
2020-08-31;06:51:00;20:29:00;411;1229;13,63333333333330;2020;8;Aug
2020-09-01;06:52:00;20:26:00;412;1226;13,56666666666670;2020;9;Sep
2020-09-02;06:54:00;20:24:00;414;1224;13,50000000000000;2020;9;Sep
2020-09-03;06:56:00;20:22:00;416;1222;13,43333333333330;2020;9;Sep
2020-09-04;06:57:00;20:19:00;417;1219;13,36666666666670;2020;9;Sep
2020-09-05;06:59:00;20:17:00;419;1217;13,30000000000000;2020;9;Sep
2020-09-06;07:00:00;20:15:00;420;1215;13,25000000000000;2020;9;Sep
2020-09-07;07:02:00;20:13:00;422;1213;13,18333333333330;2020;9;Sep
2020-09-08;07:04:00;20:10:00;424;1210;13,10000000000000;2020;9;Sep
2020-09-09;07:05:00;20:08:00;425;1208;13,05000000000000;2020;9;Sep
2020-09-10;07:07:00;20:06:00;427;1206;12,98333333333330;2020;9;Sep
2020-09-11;07:09:00;20:03:00;429;1203;12,90000000000000;2020;9;Sep
2020-09-12;07:10:00;20:01:00;430;1201;12,85000000000000;2020;9;Sep
2020-09-13;07:12:00;19:59:00;432;1199;12,78333333333330;2020;9;Sep
2020-09-14;07:13:00;19:56:00;433;1196;12,71666666666670;2020;9;Sep
2020-09-15;07:15:00;19:54:00;435;1194;12,65000000000000;2020;9;Sep
2020-09-16;07:17:00;19:52:00;437;1192;12,58333333333330;2020;9;Sep
2020-09-17;07:18:00;19:49:00;438;1189;12,51666666666670;2020;9;Sep
2020-09-18;07:20:00;19:47:00;440;1187;12,45000000000000;2020;9;Sep
2020-09-19;07:22:00;19:45:00;442;1185;12,38333333333330;2020;9;Sep
2020-09-20;07:23:00;19:42:00;443;1182;12,31666666666670;2020;9;Sep
2020-09-21;07:25:00;19:40:00;445;1180;12,25000000000000;2020;9;Sep
2020-09-22;07:27:00;19:38:00;447;1178;12,18333333333330;2020;9;Sep
2020-09-23;07:28:00;19:35:00;448;1175;12,11666666666670;2020;9;Sep
2020-09-24;07:30:00;19:33:00;450;1173;12,05000000000000;2020;9;Sep
2020-09-25;07:32:00;19:31:00;452;1171;11,98333333333330;2020;9;Sep
2020-09-26;07:33:00;19:28:00;453;1168;11,91666666666670;2020;9;Sep
2020-09-27;07:35:00;19:26:00;455;1166;11,85000000000000;2020;9;Sep
2020-09-28;07:37:00;19:24:00;457;1164;11,78333333333330;2020;9;Sep
2020-09-29;07:38:00;19:21:00;458;1161;11,71666666666670;2020;9;Sep
2020-09-30;07:40:00;19:19:00;460;1159;11,65000000000000;2020;9;Sep
2020-10-01;07:41:00;19:17:00;461;1157;11,60000000000000;2020;10;Oct
2020-10-02;07:43:00;19:14:00;463;1154;11,51666666666670;2020;10;Oct
2020-10-03;07:45:00;19:12:00;465;1152;11,45000000000000;2020;10;Oct
2020-10-04;07:47:00;19:10:00;467;1150;11,38333333333330;2020;10;Oct
2020-10-05;07:48:00;19:07:00;468;1147;11,31666666666670;2020;10;Oct
2020-10-06;07:50:00;19:05:00;470;1145;11,25000000000000;2020;10;Oct
2020-10-07;07:52:00;19:03:00;472;1143;11,18333333333330;2020;10;Oct
2020-10-08;07:53:00;19:01:00;473;1141;11,13333333333330;2020;10;Oct
2020-10-09;07:55:00;18:58:00;475;1138;11,05000000000000;2020;10;Oct
2020-10-10;07:57:00;18:56:00;477;1136;10,98333333333330;2020;10;Oct
2020-10-11;07:58:00;18:54:00;478;1134;10,93333333333330;2020;10;Oct
2020-10-12;08:00:00;18:52:00;480;1132;10,86666666666670;2020;10;Oct
2020-10-13;08:02:00;18:50:00;482;1130;10,80000000000000;2020;10;Oct
2020-10-14;08:04:00;18:47:00;484;1127;10,71666666666670;2020;10;Oct
2020-10-15;08:05:00;18:45:00;485;1125;10,66666666666670;2020;10;Oct
2020-10-16;08:07:00;18:43:00;487;1123;10,60000000000000;2020;10;Oct
2020-10-17;08:09:00;18:41:00;489;1121;10,53333333333330;2020;10;Oct
2020-10-18;08:11:00;18:39:00;491;1119;10,46666666666670;2020;10;Oct
2020-10-19;08:12:00;18:37:00;492;1117;10,41666666666670;2020;10;Oct
2020-10-20;08:14:00;18:35:00;494;1115;10,35000000000000;2020;10;Oct
2020-10-21;08:16:00;18:32:00;496;1112;10,26666666666670;2020;10;Oct
2020-10-22;08:18:00;18:30:00;498;1110;10,20000000000000;2020;10;Oct
2020-10-23;08:19:00;18:28:00;499;1108;10,15000000000000;2020;10;Oct
2020-10-24;08:21:00;18:26:00;501;1106;10,08333333333330;2020;10;Oct
2020-10-25;07:23:00;17:24:00;443;1044;10,01666666666670;2020;10;Oct
2020-10-26;07:25:00;17:22:00;445;1042;9,95000000000000;2020;10;Oct
2020-10-27;07:27:00;17:20:00;447;1040;9,88333333333333;2020;10;Oct
2020-10-28;07:28:00;17:18:00;448;1038;9,83333333333333;2020;10;Oct
2020-10-29;07:30:00;17:16:00;450;1036;9,76666666666667;2020;10;Oct
2020-10-30;07:32:00;17:15:00;452;1035;9,71666666666667;2020;10;Oct
2020-10-31;07:34:00;17:13:00;454;1033;9,65000000000000;2020;10;Oct
2020-11-01;07:36:00;17:11:00;456;1031;9,58333333333333;2020;11;Nov
2020-11-02;07:37:00;17:09:00;457;1029;9,53333333333333;2020;11;Nov
2020-11-03;07:39:00;17:07:00;459;1027;9,46666666666667;2020;11;Nov
2020-11-04;07:41:00;17:06:00;461;1026;9,41666666666667;2020;11;Nov
2020-11-05;07:43:00;17:04:00;463;1024;9,35000000000000;2020;11;Nov
2020-11-06;07:45:00;17:02:00;465;1022;9,28333333333333;2020;11;Nov
2020-11-07;07:46:00;17:00:00;466;1020;9,23333333333333;2020;11;Nov
2020-11-08;07:48:00;16:59:00;468;1019;9,18333333333333;2020;11;Nov
2020-11-09;07:50:00;16:57:00;470;1017;9,11666666666667;2020;11;Nov
2020-11-10;07:52:00;16:56:00;472;1016;9,06666666666667;2020;11;Nov
2020-11-11;07:53:00;16:54:00;473;1014;9,01666666666667;2020;11;Nov
2020-11-12;07:55:00;16:53:00;475;1013;8,96666666666667;2020;11;Nov
2020-11-13;07:57:00;16:51:00;477;1011;8,90000000000000;2020;11;Nov
2020-11-14;07:59:00;16:50:00;479;1010;8,85000000000000;2020;11;Nov
2020-11-15;08:00:00;16:48:00;480;1008;8,80000000000000;2020;11;Nov
2020-11-16;08:02:00;16:47:00;482;1007;8,75000000000000;2020;11;Nov
2020-11-17;08:04:00;16:46:00;484;1006;8,70000000000000;2020;11;Nov
2020-11-18;08:06:00;16:44:00;486;1004;8,63333333333333;2020;11;Nov
2020-11-19;08:07:00;16:43:00;487;1003;8,60000000000000;2020;11;Nov
2020-11-20;08:09:00;16:42:00;489;1002;8,55000000000000;2020;11;Nov
2020-11-21;08:11:00;16:41:00;491;1001;8,50000000000000;2020;11;Nov
2020-11-22;08:12:00;16:40:00;492;1000;8,46666666666667;2020;11;Nov
2020-11-23;08:14:00;16:39:00;494;999;8,41666666666667;2020;11;Nov
2020-11-24;08:16:00;16:38:00;496;998;8,36666666666667;2020;11;Nov
2020-11-25;08:17:00;16:37:00;497;997;8,33333333333333;2020;11;Nov
2020-11-26;08:19:00;16:36:00;499;996;8,28333333333333;2020;11;Nov
2020-11-27;08:20:00;16:35:00;500;995;8,25000000000000;2020;11;Nov
2020-11-28;08:22:00;16:34:00;502;994;8,20000000000000;2020;11;Nov
2020-11-29;08:23:00;16:33:00;503;993;8,16666666666667;2020;11;Nov
2020-11-30;08:25:00;16:33:00;505;993;8,13333333333333;2020;11;Nov
2020-12-01;08:26:00;16:32:00;506;992;8,10000000000000;2020;12;Dec
2020-12-02;08:27:00;16:31:00;507;991;8,06666666666667;2020;12;Dec
2020-12-03;08:29:00;16:31:00;509;991;8,03333333333333;2020;12;Dec
2020-12-04;08:30:00;16:30:00;510;990;8,00000000000000;2020;12;Dec
2020-12-05;08:31:00;16:30:00;511;990;7,98333333333333;2020;12;Dec
2020-12-06;08:33:00;16:29:00;513;989;7,93333333333333;2020;12;Dec
2020-12-07;08:34:00;16:29:00;514;989;7,91666666666667;2020;12;Dec
2020-12-08;08:35:00;16:29:00;515;989;7,90000000000000;2020;12;Dec
2020-12-09;08:36:00;16:29:00;516;989;7,88333333333333;2020;12;Dec
2020-12-10;08:37:00;16:28:00;517;988;7,85000000000000;2020;12;Dec
2020-12-11;08:38:00;16:28:00;518;988;7,83333333333333;2020;12;Dec
2020-12-12;08:39:00;16:28:00;519;988;7,81666666666667;2020;12;Dec
2020-12-13;08:40:00;16:28:00;520;988;7,80000000000000;2020;12;Dec
2020-12-14;08:41:00;16:28:00;521;988;7,78333333333333;2020;12;Dec
2020-12-15;08:42:00;16:29:00;522;989;7,78333333333333;2020;12;Dec
2020-12-16;08:43:00;16:29:00;523;989;7,76666666666667;2020;12;Dec
2020-12-17;08:44:00;16:29:00;524;989;7,75000000000000;2020;12;Dec
2020-12-18;08:44:00;16:29:00;524;989;7,75000000000000;2020;12;Dec
2020-12-19;08:45:00;16:30:00;525;990;7,75000000000000;2020;12;Dec
2020-12-20;08:45:00;16:30:00;525;990;7,75000000000000;2020;12;Dec
2020-12-21;08:46:00;16:31:00;526;991;7,75000000000000;2020;12;Dec
2020-12-22;08:46:00;16:31:00;526;991;7,75000000000000;2020;12;Dec
2020-12-23;08:47:00;16:32:00;527;992;7,75000000000000;2020;12;Dec
2020-12-24;08:47:00;16:32:00;527;992;7,75000000000000;2020;12;Dec
2020-12-25;08:48:00;16:33:00;528;993;7,75000000000000;2020;12;Dec
2020-12-26;08:48:00;16:34:00;528;994;7,76666666666667;2020;12;Dec
2020-12-27;08:48:00;16:35:00;528;995;7,78333333333333;2020;12;Dec
2020-12-28;08:48:00;16:36:00;528;996;7,80000000000000;2020;12;Dec
2020-12-29;08:48:00;16:36:00;528;996;7,80000000000000;2020;12;Dec
2020-12-30;08:48:00;16:37:00;528;997;7,81666666666667;2020;12;Dec
2020-12-31;08:48:00;16:38:00;528;998;7,83333333333333;2020;12;Dec
2021-01-01;08:48:00;16:39:00;528;999;7,85000000000000;2021;1;Jan
2021-01-02;08:48:00;16:41:00;528;1001;7,88333333333333;2021;1;Jan
2021-01-03;08:48:00;16:42:00;528;1002;7,90000000000000;2021;1;Jan
2021-01-04;08:47:00;16:43:00;527;1003;7,93333333333333;2021;1;Jan
2021-01-05;08:47:00;16:44:00;527;1004;7,95000000000000;2021;1;Jan
2021-01-06;08:47:00;16:45:00;527;1005;7,96666666666667;2021;1;Jan
2021-01-07;08:46:00;16:47:00;526;1007;8,01666666666667;2021;1;Jan
2021-01-08;08:46:00;16:48:00;526;1008;8,03333333333333;2021;1;Jan
2021-01-09;08:45:00;16:49:00;525;1009;8,06666666666667;2021;1;Jan
2021-01-10;08:45:00;16:51:00;525;1011;8,10000000000000;2021;1;Jan
2021-01-11;08:44:00;16:52:00;524;1012;8,13333333333333;2021;1;Jan
2021-01-12;08:43:00;16:54:00;523;1014;8,18333333333333;2021;1;Jan
2021-01-13;08:43:00;16:55:00;523;1015;8,20000000000000;2021;1;Jan
2021-01-14;08:42:00;16:57:00;522;1017;8,25000000000000;2021;1;Jan
2021-01-15;08:41:00;16:58:00;521;1018;8,28333333333333;2021;1;Jan
2021-01-16;08:40:00;17:00:00;520;1020;8,33333333333333;2021;1;Jan
2021-01-17;08:39:00;17:02:00;519;1022;8,38333333333333;2021;1;Jan
2021-01-18;08:38:00;17:03:00;518;1023;8,41666666666667;2021;1;Jan
2021-01-19;08:37:00;17:05:00;517;1025;8,46666666666667;2021;1;Jan
2021-01-20;08:36:00;17:07:00;516;1027;8,51666666666667;2021;1;Jan
2021-01-21;08:35:00;17:08:00;515;1028;8,55000000000000;2021;1;Jan
2021-01-22;08:34:00;17:10:00;514;1030;8,60000000000000;2021;1;Jan
2021-01-23;08:32:00;17:12:00;512;1032;8,66666666666667;2021;1;Jan
2021-01-24;08:31:00;17:14:00;511;1034;8,71666666666667;2021;1;Jan
2021-01-25;08:30:00;17:15:00;510;1035;8,75000000000000;2021;1;Jan
2021-01-26;08:28:00;17:17:00;508;1037;8,81666666666667;2021;1;Jan
2021-01-27;08:27:00;17:19:00;507;1039;8,86666666666667;2021;1;Jan
2021-01-28;08:26:00;17:21:00;506;1041;8,91666666666667;2021;1;Jan
2021-01-29;08:24:00;17:23:00;504;1043;8,98333333333333;2021;1;Jan
2021-01-30;08:23:00;17:25:00;503;1045;9,03333333333333;2021;1;Jan
2021-01-31;08:21:00;17:26:00;501;1046;9,08333333333333;2021;1;Jan
2021-02-01;08:20:00;17:28:00;500;1048;9,13333333333333;2021;2;Feb
2021-02-02;08:18:00;17:30:00;498;1050;9,20000000000000;2021;2;Feb
2021-02-03;08:16:00;17:32:00;496;1052;9,26666666666667;2021;2;Feb
2021-02-04;08:15:00;17:34:00;495;1054;9,31666666666667;2021;2;Feb
2021-02-05;08:13:00;17:36:00;493;1056;9,38333333333333;2021;2;Feb
2021-02-06;08:11:00;17:37:00;491;1057;9,43333333333333;2021;2;Feb
2021-02-07;08:10:00;17:39:00;490;1059;9,48333333333333;2021;2;Feb
2021-02-08;08:08:00;17:41:00;488;1061;9,55000000000000;2021;2;Feb
2021-02-09;08:06:00;17:43:00;486;1063;9,61666666666667;2021;2;Feb
2021-02-10;08:04:00;17:45:00;484;1065;9,68333333333333;2021;2;Feb
2021-02-11;08:02:00;17:47:00;482;1067;9,75000000000000;2021;2;Feb
2021-02-12;08:00:00;17:49:00;480;1069;9,81666666666667;2021;2;Feb
2021-02-13;07:59:00;17:51:00;479;1071;9,86666666666667;2021;2;Feb
2021-02-14;07:57:00;17:52:00;477;1072;9,91666666666667;2021;2;Feb
2021-02-15;07:55:00;17:54:00;475;1074;9,98333333333333;2021;2;Feb
2021-02-16;07:53:00;17:56:00;473;1076;10,05000000000000;2021;2;Feb
2021-02-17;07:51:00;17:58:00;471;1078;10,11666666666670;2021;2;Feb
2021-02-18;07:49:00;18:00:00;469;1080;10,18333333333330;2021;2;Feb
2021-02-19;07:47:00;18:02:00;467;1082;10,25000000000000;2021;2;Feb
2021-02-20;07:45:00;18:04:00;465;1084;10,31666666666670;2021;2;Feb
2021-02-21;07:43:00;18:05:00;463;1085;10,36666666666670;2021;2;Feb
2021-02-22;07:41:00;18:07:00;461;1087;10,43333333333330;2021;2;Feb
2021-02-23;07:38:00;18:09:00;458;1089;10,51666666666670;2021;2;Feb
2021-02-24;07:36:00;18:11:00;456;1091;10,58333333333330;2021;2;Feb
2021-02-25;07:34:00;18:13:00;454;1093;10,65000000000000;2021;2;Feb
2021-02-26;07:32:00;18:15:00;452;1095;10,71666666666670;2021;2;Feb
2021-02-27;07:30:00;18:16:00;450;1096;10,76666666666670;2021;2;Feb
2021-02-28;07:28:00;18:18:00;448;1098;10,83333333333330;2021;2;Feb
2021-03-01;07:26:00;18:20:00;446;1100;10,90000000000000;2021;3;Mar
2021-03-02;07:23:00;18:22:00;443;1102;10,98333333333330;2021;3;Mar
2021-03-03;07:21:00;18:24:00;441;1104;11,05000000000000;2021;3;Mar
2021-03-04;07:19:00;18:25:00;439;1105;11,10000000000000;2021;3;Mar
2021-03-05;07:17:00;18:27:00;437;1107;11,16666666666670;2021;3;Mar
2021-03-06;07:14:00;18:29:00;434;1109;11,25000000000000;2021;3;Mar
2021-03-07;07:12:00;18:31:00;432;1111;11,31666666666670;2021;3;Mar
2021-03-08;07:10:00;18:32:00;430;1112;11,36666666666670;2021;3;Mar
2021-03-09;07:08:00;18:34:00;428;1114;11,43333333333330;2021;3;Mar
2021-03-10;07:05:00;18:36:00;425;1116;11,51666666666670;2021;3;Mar
2021-03-11;07:03:00;18:38:00;423;1118;11,58333333333330;2021;3;Mar
2021-03-12;07:01:00;18:40:00;421;1120;11,65000000000000;2021;3;Mar
2021-03-13;06:59:00;18:41:00;419;1121;11,70000000000000;2021;3;Mar
2021-03-14;06:56:00;18:43:00;416;1123;11,78333333333330;2021;3;Mar
2021-03-15;06:54:00;18:45:00;414;1125;11,85000000000000;2021;3;Mar
2021-03-16;06:52:00;18:47:00;412;1127;11,91666666666670;2021;3;Mar
2021-03-17;06:49:00;18:48:00;409;1128;11,98333333333330;2021;3;Mar
2021-03-18;06:47:00;18:50:00;407;1130;12,05000000000000;2021;3;Mar
2021-03-19;06:45:00;18:52:00;405;1132;12,11666666666670;2021;3;Mar
2021-03-20;06:42:00;18:53:00;402;1133;12,18333333333330;2021;3;Mar
2021-03-21;06:40:00;18:55:00;400;1135;12,25000000000000;2021;3;Mar
2021-03-22;06:38:00;18:57:00;398;1137;12,31666666666670;2021;3;Mar
2021-03-23;06:35:00;18:59:00;395;1139;12,40000000000000;2021;3;Mar
2021-03-24;06:33:00;19:00:00;393;1140;12,45000000000000;2021;3;Mar
2021-03-25;06:31:00;19:02:00;391;1142;12,51666666666670;2021;3;Mar
2021-03-26;06:29:00;19:04:00;389;1144;12,58333333333330;2021;3;Mar
2021-03-27;06:26:00;19:05:00;386;1145;12,65000000000000;2021;3;Mar
2021-03-28;07:24:00;20:07:00;444;1207;12,71666666666670;2021;3;Mar
2021-03-29;07:22:00;20:09:00;442;1209;12,78333333333330;2021;3;Mar
2021-03-30;07:19:00;20:11:00;439;1211;12,86666666666670;2021;3;Mar
2021-03-31;07:17:00;20:12:00;437;1212;12,91666666666670;2021;3;Mar
2021-04-01;07:15:00;20:14:00;435;1214;12,98333333333330;2021;4;Apr
2021-04-02;07:12:00;20:16:00;432;1216;13,06666666666670;2021;4;Apr
2021-04-03;07:10:00;20:17:00;430;1217;13,11666666666670;2021;4;Apr
2021-04-04;07:08:00;20:19:00;428;1219;13,18333333333330;2021;4;Apr
2021-04-05;07:05:00;20:21:00;425;1221;13,26666666666670;2021;4;Apr
2021-04-06;07:03:00;20:23:00;423;1223;13,33333333333330;2021;4;Apr
2021-04-07;07:01:00;20:24:00;421;1224;13,38333333333330;2021;4;Apr
2021-04-08;06:59:00;20:26:00;419;1226;13,45000000000000;2021;4;Apr
2021-04-09;06:56:00;20:28:00;416;1228;13,53333333333330;2021;4;Apr
2021-04-10;06:54:00;20:29:00;414;1229;13,58333333333330;2021;4;Apr
2021-04-11;06:52:00;20:31:00;412;1231;13,65000000000000;2021;4;Apr
2021-04-12;06:50:00;20:33:00;410;1233;13,71666666666670;2021;4;Apr
2021-04-13;06:48:00;20:35:00;408;1235;13,78333333333330;2021;4;Apr
2021-04-14;06:45:00;20:36:00;405;1236;13,85000000000000;2021;4;Apr
2021-04-15;06:43:00;20:38:00;403;1238;13,91666666666670;2021;4;Apr
2021-04-16;06:41:00;20:40:00;401;1240;13,98333333333330;2021;4;Apr
2021-04-17;06:39:00;20:41:00;399;1241;14,03333333333330;2021;4;Apr
2021-04-18;06:37:00;20:43:00;397;1243;14,10000000000000;2021;4;Apr
2021-04-19;06:35:00;20:45:00;395;1245;14,16666666666670;2021;4;Apr
2021-04-20;06:32:00;20:47:00;392;1247;14,25000000000000;2021;4;Apr
2021-04-21;06:30:00;20:48:00;390;1248;14,30000000000000;2021;4;Apr
2021-04-22;06:28:00;20:50:00;388;1250;14,36666666666670;2021;4;Apr
2021-04-23;06:26:00;20:52:00;386;1252;14,43333333333330;2021;4;Apr
2021-04-24;06:24:00;20:53:00;384;1253;14,48333333333330;2021;4;Apr
2021-04-25;06:22:00;20:55:00;382;1255;14,55000000000000;2021;4;Apr
2021-04-26;06:20:00;20:57:00;380;1257;14,61666666666670;2021;4;Apr
2021-04-27;06:18:00;20:58:00;378;1258;14,66666666666670;2021;4;Apr
2021-04-28;06:16:00;21:00:00;376;1260;14,73333333333330;2021;4;Apr
2021-04-29;06:14:00;21:02:00;374;1262;14,80000000000000;2021;4;Apr
2021-04-30;06:12:00;21:03:00;372;1263;14,85000000000000;2021;4;Apr
2021-05-01;06:10:00;21:05:00;370;1265;14,91666666666670;2021;5;May
2021-05-02;06:08:00;21:07:00;368;1267;14,98333333333330;2021;5;May
2021-05-03;06:06:00;21:08:00;366;1268;15,03333333333330;2021;5;May
2021-05-04;06:05:00;21:10:00;365;1270;15,08333333333330;2021;5;May
2021-05-05;06:03:00;21:12:00;363;1272;15,15000000000000;2021;5;May
2021-05-06;06:01:00;21:13:00;361;1273;15,20000000000000;2021;5;May
2021-05-07;05:59:00;21:15:00;359;1275;15,26666666666670;2021;5;May
2021-05-08;05:57:00;21:17:00;357;1277;15,33333333333330;2021;5;May
2021-05-09;05:56:00;21:18:00;356;1278;15,36666666666670;2021;5;May
2021-05-10;05:54:00;21:20:00;354;1280;15,43333333333330;2021;5;May
2021-05-11;05:52:00;21:21:00;352;1281;15,48333333333330;2021;5;May
2021-05-12;05:51:00;21:23:00;351;1283;15,53333333333330;2021;5;May
2021-05-13;05:49:00;21:25:00;349;1285;15,60000000000000;2021;5;May
2021-05-14;05:48:00;21:26:00;348;1286;15,63333333333330;2021;5;May
2021-05-15;05:46:00;21:28:00;346;1288;15,70000000000000;2021;5;May
2021-05-16;05:45:00;21:29:00;345;1289;15,73333333333330;2021;5;May
2021-05-17;05:43:00;21:31:00;343;1291;15,80000000000000;2021;5;May
2021-05-18;05:42:00;21:32:00;342;1292;15,83333333333330;2021;5;May
2021-05-19;05:40:00;21:34:00;340;1294;15,90000000000000;2021;5;May
2021-05-20;05:39:00;21:35:00;339;1295;15,93333333333330;2021;5;May
2021-05-21;05:38:00;21:37:00;338;1297;15,98333333333330;2021;5;May
2021-05-22;05:36:00;21:38:00;336;1298;16,03333333333330;2021;5;May
2021-05-23;05:35:00;21:39:00;335;1299;16,06666666666670;2021;5;May
2021-05-24;05:34:00;21:41:00;334;1301;16,11666666666670;2021;5;May
2021-05-25;05:33:00;21:42:00;333;1302;16,15000000000000;2021;5;May
2021-05-26;05:32:00;21:43:00;332;1303;16,18333333333330;2021;5;May
2021-05-27;05:31:00;21:45:00;331;1305;16,23333333333330;2021;5;May
2021-05-28;05:30:00;21:46:00;330;1306;16,26666666666670;2021;5;May
2021-05-29;05:29:00;21:47:00;329;1307;16,30000000000000;2021;5;May
2021-05-30;05:28:00;21:48:00;328;1308;16,33333333333330;2021;5;May
2021-05-31;05:27:00;21:49:00;327;1309;16,36666666666670;2021;5;May
2021-06-01;05:26:00;21:51:00;326;1311;16,41666666666670;2021;6;Jun
2021-06-02;05:25:00;21:52:00;325;1312;16,45000000000000;2021;6;Jun
2021-06-03;05:24:00;21:53:00;324;1313;16,48333333333330;2021;6;Jun
2021-06-04;05:24:00;21:54:00;324;1314;16,50000000000000;2021;6;Jun
2021-06-05;05:23:00;21:55:00;323;1315;16,53333333333330;2021;6;Jun
2021-06-06;05:22:00;21:56:00;322;1316;16,56666666666670;2021;6;Jun
2021-06-07;05:22:00;21:56:00;322;1316;16,56666666666670;2021;6;Jun
2021-06-08;05:21:00;21:57:00;321;1317;16,60000000000000;2021;6;Jun
2021-06-09;05:21:00;21:58:00;321;1318;16,61666666666670;2021;6;Jun
2021-06-10;05:21:00;21:59:00;321;1319;16,63333333333330;2021;6;Jun
2021-06-11;05:20:00;21:59:00;320;1319;16,65000000000000;2021;6;Jun
2021-06-12;05:20:00;22:00:00;320;1320;16,66666666666670;2021;6;Jun
2021-06-13;05:20:00;22:01:00;320;1321;16,68333333333330;2021;6;Jun
2021-06-14;05:20:00;22:01:00;320;1321;16,68333333333330;2021;6;Jun
2021-06-15;05:19:00;22:02:00;319;1322;16,71666666666670;2021;6;Jun
2021-06-16;05:19:00;22:02:00;319;1322;16,71666666666670;2021;6;Jun
2021-06-17;05:19:00;22:03:00;319;1323;16,73333333333330;2021;6;Jun
2021-06-18;05:19:00;22:03:00;319;1323;16,73333333333330;2021;6;Jun
2021-06-19;05:20:00;22:03:00;320;1323;16,71666666666670;2021;6;Jun
2021-06-20;05:20:00;22:04:00;320;1324;16,73333333333330;2021;6;Jun
2021-06-21;05:20:00;22:04:00;320;1324;16,73333333333330;2021;6;Jun
2021-06-22;05:20:00;22:04:00;320;1324;16,73333333333330;2021;6;Jun
2021-06-23;05:20:00;22:04:00;320;1324;16,73333333333330;2021;6;Jun
2021-06-24;05:21:00;22:04:00;321;1324;16,71666666666670;2021;6;Jun
2021-06-25;05:21:00;22:04:00;321;1324;16,71666666666670;2021;6;Jun
2021-06-26;05:22:00;22:04:00;322;1324;16,70000000000000;2021;6;Jun
2021-06-27;05:22:00;22:04:00;322;1324;16,70000000000000;2021;6;Jun
2021-06-28;05:23:00;22:04:00;323;1324;16,68333333333330;2021;6;Jun
2021-06-29;05:23:00;22:04:00;323;1324;16,68333333333330;2021;6;Jun
2021-06-30;05:24:00;22:03:00;324;1323;16,65000000000000;2021;6;Jun
2021-07-01;05:24:00;22:03:00;324;1323;16,65000000000000;2021;7;Jul
2021-07-02;05:25:00;22:03:00;325;1323;16,63333333333330;2021;7;Jul
2021-07-03;05:26:00;22:02:00;326;1322;16,60000000000000;2021;7;Jul
2021-07-04;05:27:00;22:02:00;327;1322;16,58333333333330;2021;7;Jul
2021-07-05;05:28:00;22:01:00;328;1321;16,55000000000000;2021;7;Jul
2021-07-06;05:29:00;22:01:00;329;1321;16,53333333333330;2021;7;Jul
2021-07-07;05:29:00;22:00:00;329;1320;16,51666666666670;2021;7;Jul
2021-07-08;05:30:00;21:59:00;330;1319;16,48333333333330;2021;7;Jul
2021-07-09;05:31:00;21:59:00;331;1319;16,46666666666670;2021;7;Jul
2021-07-10;05:32:00;21:58:00;332;1318;16,43333333333330;2021;7;Jul
2021-07-11;05:34:00;21:57:00;334;1317;16,38333333333330;2021;7;Jul
2021-07-12;05:35:00;21:56:00;335;1316;16,35000000000000;2021;7;Jul
2021-07-13;05:36:00;21:55:00;336;1315;16,31666666666670;2021;7;Jul
2021-07-14;05:37:00;21:54:00;337;1314;16,28333333333330;2021;7;Jul
2021-07-15;05:38:00;21:53:00;338;1313;16,25000000000000;2021;7;Jul
2021-07-16;05:39:00;21:52:00;339;1312;16,21666666666670;2021;7;Jul
2021-07-17;05:41:00;21:51:00;341;1311;16,16666666666670;2021;7;Jul
2021-07-18;05:42:00;21:50:00;342;1310;16,13333333333330;2021;7;Jul
2021-07-19;05:43:00;21:49:00;343;1309;16,10000000000000;2021;7;Jul
2021-07-20;05:45:00;21:47:00;345;1307;16,03333333333330;2021;7;Jul
2021-07-21;05:46:00;21:46:00;346;1306;16,00000000000000;2021;7;Jul
2021-07-22;05:48:00;21:45:00;348;1305;15,95000000000000;2021;7;Jul
2021-07-23;05:49:00;21:43:00;349;1303;15,90000000000000;2021;7;Jul
2021-07-24;05:50:00;21:42:00;350;1302;15,86666666666670;2021;7;Jul
2021-07-25;05:52:00;21:41:00;352;1301;15,81666666666670;2021;7;Jul
2021-07-26;05:53:00;21:39:00;353;1299;15,76666666666670;2021;7;Jul
2021-07-27;05:54:00;21:38:00;354;1298;15,73333333333330;2021;7;Jul
2021-07-28;05:56:00;21:36:00;356;1296;15,66666666666670;2021;7;Jul
2021-07-29;05:57:00;21:35:00;357;1295;15,63333333333330;2021;7;Jul
2021-07-30;05:59:00;21:33:00;359;1293;15,56666666666670;2021;7;Jul
2021-07-31;06:00:00;21:31:00;360;1291;15,51666666666670;2021;7;Jul
2021-08-01;06:02:00;21:30:00;362;1290;15,46666666666670;2021;8;Aug
2021-08-02;06:04:00;21:28:00;364;1288;15,40000000000000;2021;8;Aug
2021-08-03;06:05:00;21:26:00;365;1286;15,35000000000000;2021;8;Aug
2021-08-04;06:07:00;21:24:00;367;1284;15,28333333333330;2021;8;Aug
2021-08-05;06:08:00;21:23:00;368;1283;15,25000000000000;2021;8;Aug
2021-08-06;06:10:00;21:21:00;370;1281;15,18333333333330;2021;8;Aug
2021-08-07;06:11:00;21:19:00;371;1279;15,13333333333330;2021;8;Aug
2021-08-08;06:13:00;21:17:00;373;1277;15,06666666666670;2021;8;Aug
2021-08-09;06:15:00;21:15:00;375;1275;15,00000000000000;2021;8;Aug
2021-08-10;06:16:00;21:13:00;376;1273;14,95000000000000;2021;8;Aug
2021-08-11;06:18:00;21:11:00;378;1271;14,88333333333330;2021;8;Aug
2021-08-12;06:19:00;21:09:00;379;1269;14,83333333333330;2021;8;Aug
2021-08-13;06:21:00;21:08:00;381;1268;14,78333333333330;2021;8;Aug
2021-08-14;06:23:00;21:06:00;383;1266;14,71666666666670;2021;8;Aug
2021-08-15;06:24:00;21:04:00;384;1264;14,66666666666670;2021;8;Aug
2021-08-16;06:26:00;21:01:00;386;1261;14,58333333333330;2021;8;Aug
2021-08-17;06:28:00;20:59:00;388;1259;14,51666666666670;2021;8;Aug
2021-08-18;06:29:00;20:57:00;389;1257;14,46666666666670;2021;8;Aug
2021-08-19;06:31:00;20:55:00;391;1255;14,40000000000000;2021;8;Aug
2021-08-20;06:32:00;20:53:00;392;1253;14,35000000000000;2021;8;Aug
2021-08-21;06:34:00;20:51:00;394;1251;14,28333333333330;2021;8;Aug
2021-08-22;06:36:00;20:49:00;396;1249;14,21666666666670;2021;8;Aug
2021-08-23;06:37:00;20:47:00;397;1247;14,16666666666670;2021;8;Aug
2021-08-24;06:39:00;20:45:00;399;1245;14,10000000000000;2021;8;Aug
2021-08-25;06:41:00;20:42:00;401;1242;14,01666666666670;2021;8;Aug
2021-08-26;06:42:00;20:40:00;402;1240;13,96666666666670;2021;8;Aug
2021-08-27;06:44:00;20:38:00;404;1238;13,90000000000000;2021;8;Aug
2021-08-28;06:45:00;20:36:00;405;1236;13,85000000000000;2021;8;Aug
2021-08-29;06:47:00;20:34:00;407;1234;13,78333333333330;2021;8;Aug
2021-08-30;06:49:00;20:31:00;409;1231;13,70000000000000;2021;8;Aug
2021-08-31;06:50:00;20:29:00;410;1229;13,65000000000000;2021;8;Aug
2021-09-01;06:52:00;20:27:00;412;1227;13,58333333333330;2021;9;Sep
2021-09-02;06:54:00;20:25:00;414;1225;13,51666666666670;2021;9;Sep
2021-09-03;06:55:00;20:22:00;415;1222;13,45000000000000;2021;9;Sep
2021-09-04;06:57:00;20:20:00;417;1220;13,38333333333330;2021;9;Sep
2021-09-05;06:58:00;20:18:00;418;1218;13,33333333333330;2021;9;Sep
2021-09-06;07:00:00;20:15:00;420;1215;13,25000000000000;2021;9;Sep
2021-09-07;07:02:00;20:13:00;422;1213;13,18333333333330;2021;9;Sep
2021-09-08;07:03:00;20:11:00;423;1211;13,13333333333330;2021;9;Sep
2021-09-09;07:05:00;20:08:00;425;1208;13,05000000000000;2021;9;Sep
2021-09-10;07:07:00;20:06:00;427;1206;12,98333333333330;2021;9;Sep
2021-09-11;07:08:00;20:04:00;428;1204;12,93333333333330;2021;9;Sep
2021-09-12;07:10:00;20:01:00;430;1201;12,85000000000000;2021;9;Sep
2021-09-13;07:11:00;19:59:00;431;1199;12,80000000000000;2021;9;Sep
2021-09-14;07:13:00;19:57:00;433;1197;12,73333333333330;2021;9;Sep
2021-09-15;07:15:00;19:54:00;435;1194;12,65000000000000;2021;9;Sep
2021-09-16;07:16:00;19:52:00;436;1192;12,60000000000000;2021;9;Sep
2021-09-17;07:18:00;19:50:00;438;1190;12,53333333333330;2021;9;Sep
2021-09-18;07:20:00;19:47:00;440;1187;12,45000000000000;2021;9;Sep
2021-09-19;07:21:00;19:45:00;441;1185;12,40000000000000;2021;9;Sep
2021-09-20;07:23:00;19:43:00;443;1183;12,33333333333330;2021;9;Sep
2021-09-21;07:25:00;19:40:00;445;1180;12,25000000000000;2021;9;Sep
2021-09-22;07:26:00;19:38:00;446;1178;12,20000000000000;2021;9;Sep
2021-09-23;07:28:00;19:36:00;448;1176;12,13333333333330;2021;9;Sep
2021-09-24;07:29:00;19:33:00;449;1173;12,06666666666670;2021;9;Sep
2021-09-25;07:31:00;19:31:00;451;1171;12,00000000000000;2021;9;Sep
2021-09-26;07:33:00;19:29:00;453;1169;11,93333333333330;2021;9;Sep
2021-09-27;07:34:00;19:26:00;454;1166;11,86666666666670;2021;9;Sep
2021-09-28;07:36:00;19:24:00;456;1164;11,80000000000000;2021;9;Sep
2021-09-29;07:38:00;19:22:00;458;1162;11,73333333333330;2021;9;Sep
2021-09-30;07:39:00;19:19:00;459;1159;11,66666666666670;2021;9;Sep
2021-10-01;07:41:00;19:17:00;461;1157;11,60000000000000;2021;10;Oct
2021-10-02;07:43:00;19:15:00;463;1155;11,53333333333330;2021;10;Oct
2021-10-03;07:44:00;19:13:00;464;1153;11,48333333333330;2021;10;Oct
2021-10-04;07:46:00;19:10:00;466;1150;11,40000000000000;2021;10;Oct
2021-10-05;07:48:00;19:08:00;468;1148;11,33333333333330;2021;10;Oct
2021-10-06;07:50:00;19:06:00;470;1146;11,26666666666670;2021;10;Oct
2021-10-07;07:51:00;19:03:00;471;1143;11,20000000000000;2021;10;Oct
2021-10-08;07:53:00;19:01:00;473;1141;11,13333333333330;2021;10;Oct
2021-10-09;07:55:00;18:59:00;475;1139;11,06666666666670;2021;10;Oct
2021-10-10;07:56:00;18:57:00;476;1137;11,01666666666670;2021;10;Oct
2021-10-11;07:58:00;18:54:00;478;1134;10,93333333333330;2021;10;Oct
2021-10-12;08:00:00;18:52:00;480;1132;10,86666666666670;2021;10;Oct
2021-10-13;08:01:00;18:50:00;481;1130;10,81666666666670;2021;10;Oct
2021-10-14;08:03:00;18:48:00;483;1128;10,75000000000000;2021;10;Oct
2021-10-15;08:05:00;18:46:00;485;1126;10,68333333333330;2021;10;Oct
2021-10-16;08:07:00;18:44:00;487;1124;10,61666666666670;2021;10;Oct
2021-10-17;08:08:00;18:41:00;488;1121;10,55000000000000;2021;10;Oct
2021-10-18;08:10:00;18:39:00;490;1119;10,48333333333330;2021;10;Oct
2021-10-19;08:12:00;18:37:00;492;1117;10,41666666666670;2021;10;Oct
2021-10-20;08:14:00;18:35:00;494;1115;10,35000000000000;2021;10;Oct
2021-10-21;08:15:00;18:33:00;495;1113;10,30000000000000;2021;10;Oct
2021-10-22;08:17:00;18:31:00;497;1111;10,23333333333330;2021;10;Oct
2021-10-23;08:19:00;18:29:00;499;1109;10,16666666666670;2021;10;Oct
2021-10-24;08:21:00;18:27:00;501;1107;10,10000000000000;2021;10;Oct
2021-10-25;08:23:00;18:25:00;503;1105;10,03333333333330;2021;10;Oct
2021-10-26;08:24:00;18:23:00;504;1103;9,98333333333333;2021;10;Oct
2021-10-27;08:26:00;18:21:00;506;1101;9,91666666666667;2021;10;Oct
2021-10-28;08:28:00;18:19:00;508;1099;9,85000000000000;2021;10;Oct
2021-10-29;08:30:00;18:17:00;510;1097;9,78333333333333;2021;10;Oct
2021-10-30;08:31:00;18:15:00;511;1095;9,73333333333333;2021;10;Oct
2021-10-31;07:33:00;17:13:00;453;1033;9,66666666666667;2021;10;Oct
2021-11-01;07:35:00;17:11:00;455;1031;9,60000000000000;2021;11;Nov
2021-11-02;07:37:00;17:09:00;457;1029;9,53333333333333;2021;11;Nov
2021-11-03;07:39:00;17:08:00;459;1028;9,48333333333333;2021;11;Nov
2021-11-04;07:41:00;17:06:00;461;1026;9,41666666666667;2021;11;Nov
2021-11-05;07:42:00;17:04:00;462;1024;9,36666666666667;2021;11;Nov
2021-11-06;07:44:00;17:03:00;464;1023;9,31666666666667;2021;11;Nov
2021-11-07;07:46:00;17:01:00;466;1021;9,25000000000000;2021;11;Nov
2021-11-08;07:48:00;16:59:00;468;1019;9,18333333333333;2021;11;Nov
2021-11-09;07:49:00;16:58:00;469;1018;9,15000000000000;2021;11;Nov
2021-11-10;07:51:00;16:56:00;471;1016;9,08333333333333;2021;11;Nov
2021-11-11;07:53:00;16:54:00;473;1014;9,01666666666667;2021;11;Nov
2021-11-12;07:55:00;16:53:00;475;1013;8,96666666666667;2021;11;Nov
2021-11-13;07:57:00;16:51:00;477;1011;8,90000000000000;2021;11;Nov
2021-11-14;07:58:00;16:50:00;478;1010;8,86666666666667;2021;11;Nov
2021-11-15;08:00:00;16:49:00;480;1009;8,81666666666667;2021;11;Nov
2021-11-16;08:02:00;16:47:00;482;1007;8,75000000000000;2021;11;Nov
2021-11-17;08:04:00;16:46:00;484;1006;8,70000000000000;2021;11;Nov
2021-11-18;08:05:00;16:45:00;485;1005;8,66666666666667;2021;11;Nov
2021-11-19;08:08:00;16:43:00;488;1003;8,58333333333333;2021;11;Nov
2021-11-20;08:09:00;16:42:00;489;1002;8,55000000000000;2021;11;Nov
2021-11-21;08:10:00;16:41:00;490;1001;8,51666666666667;2021;11;Nov
2021-11-22;08:12:00;16:40:00;492;1000;8,46666666666667;2021;11;Nov
2021-11-23;08:14:00;16:39:00;494;999;8,41666666666667;2021;11;Nov
2021-11-24;08:15:00;16:38:00;495;998;8,38333333333333;2021;11;Nov
2021-11-25;08:17:00;16:37:00;497;997;8,33333333333333;2021;11;Nov
2021-11-26;08:18:00;16:36:00;498;996;8,30000000000000;2021;11;Nov
2021-11-27;08:20:00;16:35:00;500;995;8,25000000000000;2021;11;Nov
2021-11-28;08:21:00;16:34:00;501;994;8,21666666666667;2021;11;Nov
2021-11-29;08:23:00;16:33:00;503;993;8,16666666666667;2021;11;Nov
2021-11-30;08:24:00;16:33:00;504;993;8,15000000000000;2021;11;Nov
2021-12-01;08:26:00;16:32:00;506;992;8,10000000000000;2021;12;Dec
2021-12-02;08:27:00;16:31:00;507;991;8,06666666666667;2021;12;Dec
2021-12-03;08:29:00;16:31:00;509;991;8,03333333333333;2021;12;Dec
2021-12-04;08:30:00;16:30:00;510;990;8,00000000000000;2021;12;Dec
2021-12-05;08:31:00;16:30:00;511;990;7,98333333333333;2021;12;Dec
2021-12-06;08:32:00;16:30:00;512;990;7,96666666666667;2021;12;Dec
2021-12-07;08:34:00;16:29:00;514;989;7,91666666666667;2021;12;Dec
2021-12-08;08:35:00;16:29:00;515;989;7,90000000000000;2021;12;Dec
2021-12-09;08:36:00;16:29:00;516;989;7,88333333333333;2021;12;Dec
2021-12-10;08:37:00;16:29:00;517;989;7,86666666666667;2021;12;Dec
2021-12-11;08:38:00;16:28:00;518;988;7,83333333333333;2021;12;Dec
2021-12-12;08:39:00;16:28:00;519;988;7,81666666666667;2021;12;Dec
2021-12-13;08:40:00;16:28:00;520;988;7,80000000000000;2021;12;Dec
2021-12-14;08:41:00;16:28:00;521;988;7,78333333333333;2021;12;Dec
2021-12-15;08:42:00;16:29:00;522;989;7,78333333333333;2021;12;Dec
2021-12-16;08:43:00;16:29:00;523;989;7,76666666666667;2021;12;Dec
2021-12-17;08:43:00;16:29:00;523;989;7,76666666666667;2021;12;Dec
2021-12-18;08:44:00;16:29:00;524;989;7,75000000000000;2021;12;Dec
2021-12-19;08:45:00;16:30:00;525;990;7,75000000000000;2021;12;Dec
2021-12-20;08:45:00;16:30:00;525;990;7,75000000000000;2021;12;Dec
2021-12-21;08:46:00;16:30:00;526;990;7,73333333333333;2021;12;Dec
2021-12-22;08:46:00;16:31:00;526;991;7,75000000000000;2021;12;Dec
2021-12-23;08:47:00;16:32:00;527;992;7,75000000000000;2021;12;Dec
2021-12-24;08:47:00;16:32:00;527;992;7,75000000000000;2021;12;Dec
2021-12-25;08:47:00;16:33:00;527;993;7,76666666666667;2021;12;Dec
2021-12-26;08:48:00;16:34:00;528;994;7,76666666666667;2021;12;Dec
2021-12-27;08:48:00;16:34:00;528;994;7,76666666666667;2021;12;Dec
2021-12-28;08:48:00;16:35:00;528;995;7,78333333333333;2021;12;Dec
2021-12-29;08:48:00;16:36:00;528;996;7,80000000000000;2021;12;Dec
2021-12-30;08:48:00;16:37:00;528;997;7,81666666666667;2021;12;Dec
2021-12-31;08:48:00;16:38:00;528;998;7,83333333333333;2021;12;Dec
2022-01-01;08:48:00;16:39:00;528;999;7,85000000000000;2022;1;Jan
2022-01-02;08:48:00;16:40:00;528;1000;7,86666666666667;2022;1;Jan
2022-01-03;08:48:00;16:41:00;528;1001;7,88333333333333;2022;1;Jan
2022-01-04;08:48:00;16:43:00;528;1003;7,91666666666667;2022;1;Jan
2022-01-05;08:47:00;16:44:00;527;1004;7,95000000000000;2022;1;Jan
2022-01-06;08:47:00;16:44:00;527;1004;7,95000000000000;2022;1;Jan
2022-01-07;08:46:00;16:46:00;526;1006;8,00000000000000;2022;1;Jan
2022-01-08;08:46:00;16:48:00;526;1008;8,03333333333333;2022;1;Jan
2022-01-09;08:45:00;16:49:00;525;1009;8,06666666666667;2022;1;Jan
2022-01-10;08:45:00;16:51:00;525;1011;8,10000000000000;2022;1;Jan
2022-01-11;08:44:00;16:52:00;524;1012;8,13333333333333;2022;1;Jan
2022-01-12;08:44:00;16:53:00;524;1013;8,15000000000000;2022;1;Jan
2022-01-13;08:43:00;16:55:00;523;1015;8,20000000000000;2022;1;Jan
2022-01-14;08:42:00;16:57:00;522;1017;8,25000000000000;2022;1;Jan
2022-01-15;08:41:00;16:58:00;521;1018;8,28333333333333;2022;1;Jan
2022-01-16;08:40:00;17:00:00;520;1020;8,33333333333333;2022;1;Jan
2022-01-17;08:39:00;17:01:00;519;1021;8,36666666666667;2022;1;Jan
2022-01-18;08:38:00;17:03:00;518;1023;8,41666666666667;2022;1;Jan
2022-01-19;08:37:00;17:05:00;517;1025;8,46666666666667;2022;1;Jan
2022-01-20;08:36:00;17:06:00;516;1026;8,50000000000000;2022;1;Jan
2022-01-21;08:35:00;17:08:00;515;1028;8,55000000000000;2022;1;Jan
2022-01-22;08:34:00;17:10:00;514;1030;8,60000000000000;2022;1;Jan
2022-01-23;08:33:00;17:11:00;513;1031;8,63333333333333;2022;1;Jan
2022-01-24;08:31:00;17:13:00;511;1033;8,70000000000000;2022;1;Jan
2022-01-25;08:30:00;17:15:00;510;1035;8,75000000000000;2022;1;Jan
2022-01-26;08:29:00;17:17:00;509;1037;8,80000000000000;2022;1;Jan
2022-01-27;08:27:00;17:19:00;507;1039;8,86666666666667;2022;1;Jan
2022-01-28;08:26:00;17:20:00;506;1040;8,90000000000000;2022;1;Jan
2022-01-29;08:25:00;17:22:00;505;1042;8,95000000000000;2022;1;Jan
2022-01-30;08:23:00;17:24:00;503;1044;9,01666666666667;2022;1;Jan
2022-01-31;08:22:00;17:26:00;502;1046;9,06666666666667;2022;1;Jan
2022-02-01;08:20:00;17:28:00;500;1048;9,13333333333333;2022;2;Feb
2022-02-02;08:18:00;17:30:00;498;1050;9,20000000000000;2022;2;Feb
2022-02-03;08:17:00;17:31:00;497;1051;9,23333333333333;2022;2;Feb
2022-02-04;08:15:00;17:33:00;495;1053;9,30000000000000;2022;2;Feb
2022-02-05;08:13:00;17:35:00;493;1055;9,36666666666667;2022;2;Feb
2022-02-06;08:12:00;17:37:00;492;1057;9,41666666666667;2022;2;Feb
2022-02-07;08:10:00;17:39:00;490;1059;9,48333333333333;2022;2;Feb
2022-02-08;08:08:00;17:41:00;488;1061;9,55000000000000;2022;2;Feb
2022-02-09;08:06:00;17:43:00;486;1063;9,61666666666667;2022;2;Feb
2022-02-10;08:05:00;17:45:00;485;1065;9,66666666666667;2022;2;Feb
2022-02-11;08:03:00;17:46:00;483;1066;9,71666666666667;2022;2;Feb
2022-02-12;08:01:00;17:48:00;481;1068;9,78333333333333;2022;2;Feb
2022-02-13;07:59:00;17:50:00;479;1070;9,85000000000000;2022;2;Feb
2022-02-14;07:57:00;17:52:00;477;1072;9,91666666666667;2022;2;Feb
2022-02-15;07:55:00;17:54:00;475;1074;9,98333333333333;2022;2;Feb
2022-02-16;07:53:00;17:53:00;473;1073;10,00000000000000;2022;2;Feb
2022-02-17;07:51:00;17:58:00;471;1078;10,11666666666670;2022;2;Feb
2022-02-18;07:49:00;17:59:00;469;1079;10,16666666666670;2022;2;Feb
2022-02-19;07:47:00;18:01:00;467;1081;10,23333333333330;2022;2;Feb
2022-02-20;07:45:00;18:03:00;465;1083;10,30000000000000;2022;2;Feb
2022-02-21;07:43:00;18:05:00;463;1085;10,36666666666670;2022;2;Feb
2022-02-22;07:41:00;18:07:00;461;1087;10,43333333333330;2022;2;Feb
2022-02-23;07:39:00;18:09:00;459;1089;10,50000000000000;2022;2;Feb
2022-02-24;07:37:00;18:10:00;457;1090;10,55000000000000;2022;2;Feb
2022-02-25;07:35:00;18:12:00;455;1092;10,61666666666670;2022;2;Feb
2022-02-26;07:33:00;18:14:00;453;1094;10,68333333333330;2022;2;Feb
2022-02-27;07:30:00;18:16:00;450;1096;10,76666666666670;2022;2;Feb
2022-02-28;07:28:00;18:18:00;448;1098;10,83333333333330;2022;2;Feb
2022-03-01;07:26:00;18:19:00;446;1099;10,88333333333330;2022;3;Mar
2022-03-02;07:24:00;18:21:00;444;1101;10,95000000000000;2022;3;Mar
2022-03-03;07:22:00;18:23:00;442;1103;11,01666666666670;2022;3;Mar
2022-03-04;07:19:00;18:25:00;439;1105;11,10000000000000;2022;3;Mar
2022-03-05;07:17:00;18:27:00;437;1107;11,16666666666670;2022;3;Mar
2022-03-06;07:15:00;18:28:00;435;1108;11,21666666666670;2022;3;Mar
2022-03-07;07:13:00;18:30:00;433;1110;11,28333333333330;2022;3;Mar
2022-03-08;07:10:00;18:32:00;430;1112;11,36666666666670;2022;3;Mar
2022-03-09;07:08:00;18:34:00;428;1114;11,43333333333330;2022;3;Mar
2022-03-10;07:06:00;18:36:00;426;1116;11,50000000000000;2022;3;Mar
2022-03-11;07:04:00;18:37:00;424;1117;11,55000000000000;2022;3;Mar
2022-03-12;07:01:00;18:39:00;421;1119;11,63333333333330;2022;3;Mar
2022-03-13;06:59:00;18:41:00;419;1121;11,70000000000000;2022;3;Mar
2022-03-14;06:57:00;18:43:00;417;1123;11,76666666666670;2022;3;Mar
2022-03-15;06:55:00;18:44:00;415;1124;11,81666666666670;2022;3;Mar
2022-03-16;06:52:00;18:46:00;412;1126;11,90000000000000;2022;3;Mar
2022-03-17;06:50:00;18:48:00;410;1128;11,96666666666670;2022;3;Mar
2022-03-18;06:48:00;18:50:00;408;1130;12,03333333333330;2022;3;Mar
2022-03-19;06:45:00;18:51:00;405;1131;12,10000000000000;2022;3;Mar
2022-03-20;06:43:00;18:53:00;403;1133;12,16666666666670;2022;3;Mar
2022-03-21;06:41:00;18:55:00;401;1135;12,23333333333330;2022;3;Mar
2022-03-22;06:38:00;18:56:00;398;1136;12,30000000000000;2022;3;Mar
2022-03-23;06:36:00;18:58:00;396;1138;12,36666666666670;2022;3;Mar
2022-03-24;06:34:00;19:00:00;394;1140;12,43333333333330;2022;3;Mar
2022-03-25;06:31:00;19:02:00;391;1142;12,51666666666670;2022;3;Mar
2022-03-26;06:29:00;19:03:00;389;1143;12,56666666666670;2022;3;Mar
2022-03-27;07:27:00;20:05:00;447;1205;12,63333333333330;2022;3;Mar
2022-03-28;07:24:00;20:07:00;444;1207;12,71666666666670;2022;3;Mar
2022-03-29;07:22:00;20:08:00;442;1208;12,76666666666670;2022;3;Mar
2022-03-30;07:20:00;20:10:00;440;1210;12,83333333333330;2022;3;Mar
2022-03-31;07:17:00;20:12:00;437;1212;12,91666666666670;2022;3;Mar
2022-04-01;07:15:00;20:14:00;435;1214;12,98333333333330;2022;4;Apr
2022-04-02;07:13:00;20:15:00;433;1215;13,03333333333330;2022;4;Apr
2022-04-03;07:11:00;20:17:00;431;1217;13,10000000000000;2022;4;Apr
2022-04-04;07:08:00;20:19:00;428;1219;13,18333333333330;2022;4;Apr
2022-04-05;07:06:00;20:20:00;426;1220;13,23333333333330;2022;4;Apr
2022-04-06;07:04:00;20:22:00;424;1222;13,30000000000000;2022;4;Apr
2022-04-07;07:02:00;20:24:00;422;1224;13,36666666666670;2022;4;Apr
2022-04-08;06:59:00;20:26:00;419;1226;13,45000000000000;2022;4;Apr
2022-04-09;06:57:00;20:27:00;417;1227;13,50000000000000;2022;4;Apr
2022-04-10;06:55:00;20:29:00;415;1229;13,56666666666670;2022;4;Apr
2022-04-11;06:53:00;20:31:00;413;1231;13,63333333333330;2022;4;Apr
2022-04-12;06:50:00;20:32:00;410;1232;13,70000000000000;2022;4;Apr
2022-04-13;06:48:00;20:34:00;408;1234;13,76666666666670;2022;4;Apr
2022-04-14;06:46:00;20:36:00;406;1236;13,83333333333330;2022;4;Apr
2022-04-15;06:44:00;20:38:00;404;1238;13,90000000000000;2022;4;Apr
2022-04-16;06:42:00;20:39:00;402;1239;13,95000000000000;2022;4;Apr
2022-04-17;06:39:00;20:41:00;399;1241;14,03333333333330;2022;4;Apr
2022-04-18;06:37:00;20:43:00;397;1243;14,10000000000000;2022;4;Apr
2022-04-19;06:35:00;20:44:00;395;1244;14,15000000000000;2022;4;Apr
2022-04-20;06:33:00;20:46:00;393;1246;14,21666666666670;2022;4;Apr
2022-04-21;06:31:00;20:48:00;391;1248;14,28333333333330;2022;4;Apr
2022-04-22;06:29:00;20:50:00;389;1250;14,35000000000000;2022;4;Apr
2022-04-23;06:27:00;20:51:00;387;1251;14,40000000000000;2022;4;Apr
2022-04-24;06:25:00;20:53:00;385;1253;14,46666666666670;2022;4;Apr
2022-04-25;06:22:00;20:55:00;382;1255;14,55000000000000;2022;4;Apr
2022-04-26;06:20:00;20:56:00;380;1256;14,60000000000000;2022;4;Apr
2022-04-27;06:18:00;20:58:00;378;1258;14,66666666666670;2022;4;Apr
2022-04-28;06:16:00;21:00:00;376;1260;14,73333333333330;2022;4;Apr
2022-04-29;06:14:00;21:01:00;374;1261;14,78333333333330;2022;4;Apr
2022-04-30;06:13:00;21:03:00;373;1263;14,83333333333330;2022;4;Apr
2022-05-01;06:11:00;21:05:00;371;1265;14,90000000000000;2022;5;May
2022-05-02;06:09:00;21:06:00;369;1266;14,95000000000000;2022;5;May
2022-05-03;06:07:00;21:08:00;367;1268;15,01666666666670;2022;5;May
2022-05-04;06:05:00;21:10:00;365;1270;15,08333333333330;2022;5;May
2022-05-05;06:03:00;21:11:00;363;1271;15,13333333333330;2022;5;May
2022-05-06;06:01:00;21:13:00;361;1273;15,20000000000000;2022;5;May
2022-05-07;06:00:00;21:15:00;360;1275;15,25000000000000;2022;5;May
2022-05-08;05:58:00;21:16:00;358;1276;15,30000000000000;2022;5;May
2022-05-09;05:56:00;21:18:00;356;1278;15,36666666666670;2022;5;May
2022-05-10;05:54:00;21:20:00;354;1280;15,43333333333330;2022;5;May
2022-05-11;05:53:00;21:21:00;353;1281;15,46666666666670;2022;5;May
2022-05-12;05:51:00;21:23:00;351;1283;15,53333333333330;2022;5;May
2022-05-13;05:50:00;21:24:00;350;1284;15,56666666666670;2022;5;May
2022-05-14;05:48:00;21:26:00;348;1286;15,63333333333330;2022;5;May
2022-05-15;05:46:00;21:27:00;346;1287;15,68333333333330;2022;5;May
2022-05-16;05:45:00;21:29:00;345;1289;15,73333333333330;2022;5;May
2022-05-17;05:43:00;21:30:00;343;1290;15,78333333333330;2022;5;May
2022-05-18;05:42:00;21:32:00;342;1292;15,83333333333330;2022;5;May
2022-05-19;05:41:00;21:33:00;341;1293;15,86666666666670;2022;5;May
2022-05-20;05:39:00;21:35:00;339;1295;15,93333333333330;2022;5;May
2022-05-21;05:38:00;21:36:00;338;1296;15,96666666666670;2022;5;May
2022-05-22;05:37:00;21:38:00;337;1298;16,01666666666670;2022;5;May
2022-05-23;05:35:00;21:39:00;335;1299;16,06666666666670;2022;5;May
2022-05-24;05:34:00;21:40:00;334;1300;16,10000000000000;2022;5;May
2022-05-25;05:33:00;21:42:00;333;1302;16,15000000000000;2022;5;May
2022-05-26;05:32:00;21:43:00;332;1303;16,18333333333330;2022;5;May
2022-05-27;05:31:00;21:44:00;331;1304;16,21666666666670;2022;5;May
2022-05-28;05:30:00;21:46:00;330;1306;16,26666666666670;2022;5;May
2022-05-29;05:29:00;21:47:00;329;1307;16,30000000000000;2022;5;May
2022-05-30;05:28:00;21:48:00;328;1308;16,33333333333330;2022;5;May
2022-05-31;05:27:00;21:49:00;327;1309;16,36666666666670;2022;5;May
2022-06-01;05:26:00;21:50:00;326;1310;16,40000000000000;2022;6;Jun
2022-06-02;05:25:00;21:51:00;325;1311;16,43333333333330;2022;6;Jun
2022-06-03;05:25:00;21:52:00;325;1312;16,45000000000000;2022;6;Jun
2022-06-04;05:24:00;21:53:00;324;1313;16,48333333333330;2022;6;Jun
2022-06-05;05:23:00;21:54:00;323;1314;16,51666666666670;2022;6;Jun
2022-06-06;05:23:00;21:55:00;323;1315;16,53333333333330;2022;6;Jun
2022-06-07;05:22:00;21:56:00;322;1316;16,56666666666670;2022;6;Jun
2022-06-08;05:22:00;21:57:00;322;1317;16,58333333333330;2022;6;Jun
2022-06-09;05:21:00;21:58:00;321;1318;16,61666666666670;2022;6;Jun
2022-06-10;05:21:00;21:59:00;321;1319;16,63333333333330;2022;6;Jun
2022-06-11;05:20:00;21:59:00;320;1319;16,65000000000000;2022;6;Jun
2022-06-12;05:20:00;22:00:00;320;1320;16,66666666666670;2022;6;Jun
2022-06-13;05:20:00;22:01:00;320;1321;16,68333333333330;2022;6;Jun
2022-06-14;05:20:00;22:01:00;320;1321;16,68333333333330;2022;6;Jun
2022-06-15;05:20:00;22:02:00;320;1322;16,70000000000000;2022;6;Jun
2022-06-16;05:19:00;22:02:00;319;1322;16,71666666666670;2022;6;Jun
2022-06-17;05:19:00;22:03:00;319;1323;16,73333333333330;2022;6;Jun
2022-06-18;05:19:00;22:03:00;319;1323;16,73333333333330;2022;6;Jun
2022-06-19;05:20:00;22:03:00;320;1323;16,71666666666670;2022;6;Jun
2022-06-20;05:20:00;22:04:00;320;1324;16,73333333333330;2022;6;Jun
2022-06-21;05:20:00;22:04:00;320;1324;16,73333333333330;2022;6;Jun
2022-06-22;05:20:00;22:04:00;320;1324;16,73333333333330;2022;6;Jun
2022-06-23;05:20:00;22:04:00;320;1324;16,73333333333330;2022;6;Jun
2022-06-24;05:21:00;22:04:00;321;1324;16,71666666666670;2022;6;Jun
2022-06-25;05:21:00;22:04:00;321;1324;16,71666666666670;2022;6;Jun
2022-06-26;05:21:00;22:04:00;321;1324;16,71666666666670;2022;6;Jun
2022-06-27;05:22:00;22:04:00;322;1324;16,70000000000000;2022;6;Jun
2022-06-28;05:22:00;22:04:00;322;1324;16,70000000000000;2022;6;Jun
2022-06-29;05:23:00;22:04:00;323;1324;16,68333333333330;2022;6;Jun
2022-06-30;05:24:00;22:03:00;324;1323;16,65000000000000;2022;6;Jun
2022-07-01;05:24:00;22:03:00;324;1323;16,65000000000000;2022;7;Jul
2022-07-02;05:25:00;22:03:00;325;1323;16,63333333333330;2022;7;Jul
2022-07-03;05:26:00;22:02:00;326;1322;16,60000000000000;2022;7;Jul
2022-07-04;05:27:00;22:02:00;327;1322;16,58333333333330;2022;7;Jul
2022-07-05;05:27:00;22:01:00;327;1321;16,56666666666670;2022;7;Jul
2022-07-06;05:28:00;22:01:00;328;1321;16,55000000000000;2022;7;Jul
2022-07-07;05:29:00;22:00:00;329;1320;16,51666666666670;2022;7;Jul
2022-07-08;05:30:00;21:59:00;330;1319;16,48333333333330;2022;7;Jul
2022-07-09;05:31:00;21:59:00;331;1319;16,46666666666670;2022;7;Jul
2022-07-10;05:32:00;21:58:00;332;1318;16,43333333333330;2022;7;Jul
2022-07-11;05:33:00;21:57:00;333;1317;16,40000000000000;2022;7;Jul
2022-07-12;05:34:00;21:56:00;334;1316;16,36666666666670;2022;7;Jul
2022-07-13;05:36:00;21:55:00;336;1315;16,31666666666670;2022;7;Jul
2022-07-14;05:37:00;21:54:00;337;1314;16,28333333333330;2022;7;Jul
2022-07-15;05:38:00;21:53:00;338;1313;16,25000000000000;2022;7;Jul
2022-07-16;05:39:00;21:52:00;339;1312;16,21666666666670;2022;7;Jul
2022-07-17;05:40:00;21:51:00;340;1311;16,18333333333330;2022;7;Jul
2022-07-18;05:42:00;21:50:00;342;1310;16,13333333333330;2022;7;Jul
2022-07-19;05:43:00;21:49:00;343;1309;16,10000000000000;2022;7;Jul
2022-07-20;05:44:00;21:48:00;344;1308;16,06666666666670;2022;7;Jul
2022-07-21;05:46:00;21:46:00;346;1306;16,00000000000000;2022;7;Jul
2022-07-22;05:47:00;21:45:00;347;1305;15,96666666666670;2022;7;Jul
2022-07-23;05:48:00;21:44:00;348;1304;15,93333333333330;2022;7;Jul
2022-07-24;05:50:00;21:42:00;350;1302;15,86666666666670;2022;7;Jul
2022-07-25;05:51:00;21:41:00;351;1301;15,83333333333330;2022;7;Jul
2022-07-26;05:53:00;21:40:00;353;1300;15,78333333333330;2022;7;Jul
2022-07-27;05:54:00;21:38:00;354;1298;15,73333333333330;2022;7;Jul
2022-07-28;05:56:00;21:37:00;356;1297;15,68333333333330;2022;7;Jul
2022-07-29;05:57:00;21:35:00;357;1295;15,63333333333330;2022;7;Jul
2022-07-30;05:59:00;21:33:00;359;1293;15,56666666666670;2022;7;Jul
2022-07-31;06:00:00;21:32:00;360;1292;15,53333333333330;2022;7;Jul
2022-08-01;06:02:00;21:30:00;362;1290;15,46666666666670;2022;8;Aug
2022-08-02;06:03:00;21:28:00;363;1288;15,41666666666670;2022;8;Aug
2022-08-03;06:05:00;21:27:00;365;1287;15,36666666666670;2022;8;Aug
2022-08-04;06:06:00;21:25:00;366;1285;15,31666666666670;2022;8;Aug
2022-08-05;06:08:00;21:23:00;368;1283;15,25000000000000;2022;8;Aug
2022-08-06;06:09:00;21:21:00;369;1281;15,20000000000000;2022;8;Aug
2022-08-07;06:11:00;21:19:00;371;1279;15,13333333333330;2022;8;Aug
2022-08-08;06:13:00;21:18:00;373;1278;15,08333333333330;2022;8;Aug
2022-08-09;06:14:00;21:16:00;374;1276;15,03333333333330;2022;8;Aug
2022-08-10;06:16:00;21:14:00;376;1274;14,96666666666670;2022;8;Aug
2022-08-11;06:17:00;21:12:00;377;1272;14,91666666666670;2022;8;Aug
2022-08-12;06:19:00;21:10:00;379;1270;14,85000000000000;2022;8;Aug
2022-08-13;06:21:00;21:08:00;381;1268;14,78333333333330;2022;8;Aug
2022-08-14;06:22:00;21:06:00;382;1266;14,73333333333330;2022;8;Aug
2022-08-15;06:24:00;21:04:00;384;1264;14,66666666666670;2022;8;Aug
2022-08-16;06:26:00;21:02:00;386;1262;14,60000000000000;2022;8;Aug
2022-08-17;06:27:00;21:00:00;387;1260;14,55000000000000;2022;8;Aug
2022-08-18;06:29:00;20:58:00;389;1258;14,48333333333330;2022;8;Aug
2022-08-19;06:30:00;20:56:00;390;1256;14,43333333333330;2022;8;Aug
2022-08-20;06:32:00;20:54:00;392;1254;14,36666666666670;2022;8;Aug
2022-08-21;06:34:00;20:52:00;394;1252;14,30000000000000;2022;8;Aug
2022-08-22;06:35:00;20:49:00;395;1249;14,23333333333330;2022;8;Aug
2022-08-23;06:37:00;20:47:00;397;1247;14,16666666666670;2022;8;Aug
2022-08-24;06:39:00;20:45:00;399;1245;14,10000000000000;2022;8;Aug
2022-08-25;06:40:00;20:43:00;400;1243;14,05000000000000;2022;8;Aug
2022-08-26;06:42:00;20:41:00;402;1241;13,98333333333330;2022;8;Aug
2022-08-27;06:43:00;20:39:00;403;1239;13,93333333333330;2022;8;Aug
2022-08-28;06:45:00;20:36:00;405;1236;13,85000000000000;2022;8;Aug
2022-08-29;06:47:00;20:34:00;407;1234;13,78333333333330;2022;8;Aug
2022-08-30;06:48:00;20:32:00;408;1232;13,73333333333330;2022;8;Aug
2022-08-31;06:50:00;20:30:00;410;1230;13,66666666666670;2022;8;Aug
2022-09-01;06:52:00;20:27:00;412;1227;13,58333333333330;2022;9;Sep
2022-09-02;06:53:00;20:25:00;413;1225;13,53333333333330;2022;9;Sep
2022-09-03;06:55:00;20:23:00;415;1223;13,46666666666670;2022;9;Sep
2022-09-04;06:57:00;20:21:00;417;1221;13,40000000000000;2022;9;Sep
2022-09-05;06:58:00;20:18:00;418;1218;13,33333333333330;2022;9;Sep
2022-09-06;07:00:00;20:16:00;420;1216;13,26666666666670;2022;9;Sep
2022-09-07;07:01:00;20:14:00;421;1214;13,21666666666670;2022;9;Sep
2022-09-08;07:03:00;20:11:00;423;1211;13,13333333333330;2022;9;Sep
2022-09-09;07:05:00;20:09:00;425;1209;13,06666666666670;2022;9;Sep
2022-09-10;07:06:00;20:07:00;426;1207;13,01666666666670;2022;9;Sep
2022-09-11;07:08:00;20:04:00;428;1204;12,93333333333330;2022;9;Sep
2022-09-12;07:09:00;20:02:00;429;1202;12,88333333333330;2022;9;Sep
2022-09-13;07:11:00;20:00:00;431;1200;12,81666666666670;2022;9;Sep
2022-09-14;07:13:00;19:57:00;433;1197;12,73333333333330;2022;9;Sep
2022-09-15;07:14:00;19:55:00;434;1195;12,68333333333330;2022;9;Sep
2022-09-16;07:16:00;19:53:00;436;1193;12,61666666666670;2022;9;Sep
2022-09-17;07:18:00;19:50:00;438;1190;12,53333333333330;2022;9;Sep
2022-09-18;07:19:00;19:48:00;439;1188;12,48333333333330;2022;9;Sep
2022-09-19;07:21:00;19:46:00;441;1186;12,41666666666670;2022;9;Sep
2022-09-20;07:23:00;19:43:00;443;1183;12,33333333333330;2022;9;Sep
2022-09-21;07:24:00;19:41:00;444;1181;12,28333333333330;2022;9;Sep
2022-09-22;07:26:00;19:39:00;446;1179;12,21666666666670;2022;9;Sep
2022-09-23;07:27:00;19:36:00;447;1176;12,15000000000000;2022;9;Sep
2022-09-24;07:29:00;19:34:00;449;1174;12,08333333333330;2022;9;Sep
2022-09-25;07:31:00;19:32:00;451;1172;12,01666666666670;2022;9;Sep
2022-09-26;07:32:00;19:29:00;452;1169;11,95000000000000;2022;9;Sep
2022-09-27;07:34:00;19:27:00;454;1167;11,88333333333330;2022;9;Sep
2022-09-28;07:36:00;19:25:00;456;1165;11,81666666666670;2022;9;Sep
2022-09-29;07:37:00;19:22:00;457;1162;11,75000000000000;2022;9;Sep
2022-09-30;07:39:00;19:20:00;459;1160;11,68333333333330;2022;9;Sep
2022-10-01;07:41:00;19:18:00;461;1158;11,61666666666670;2022;10;Oct
2022-10-02;07:42:00;19:15:00;462;1155;11,55000000000000;2022;10;Oct
2022-10-03;07:44:00;19:13:00;464;1153;11,48333333333330;2022;10;Oct
2022-10-04;07:46:00;19:11:00;466;1151;11,41666666666670;2022;10;Oct
2022-10-05;07:47:00;19:09:00;467;1149;11,36666666666670;2022;10;Oct
2022-10-06;07:49:00;19:06:00;469;1146;11,28333333333330;2022;10;Oct
2022-10-07;07:51:00;19:04:00;471;1144;11,21666666666670;2022;10;Oct
2022-10-08;07:53:00;19:02:00;473;1142;11,15000000000000;2022;10;Oct
2022-10-09;07:54:00;18:59:00;474;1139;11,08333333333330;2022;10;Oct
2022-10-10;07:56:00;18:57:00;476;1137;11,01666666666670;2022;10;Oct
2022-10-11;07:58:00;18:55:00;478;1135;10,95000000000000;2022;10;Oct
2022-10-12;08:59:00;18:53:00;539;1133;9,90000000000000;2022;10;Oct
2022-10-13;08:01:00;18:51:00;481;1131;10,83333333333330;2022;10;Oct
2022-10-14;08:03:00;18:48:00;483;1128;10,75000000000000;2022;10;Oct
2022-10-15;08:04:00;18:46:00;484;1126;10,70000000000000;2022;10;Oct
2022-10-16;08:06:00;18:44:00;486;1124;10,63333333333330;2022;10;Oct
2022-10-17;08:08:00;18:42:00;488;1122;10,56666666666670;2022;10;Oct
2022-10-18;08:10:00;18:40:00;490;1120;10,50000000000000;2022;10;Oct
2022-10-19;08:11:00;18:38:00;491;1118;10,45000000000000;2022;10;Oct
2022-10-20;08:13:00;18:36:00;493;1116;10,38333333333330;2022;10;Oct
2022-10-21;08:15:00;18:33:00;495;1113;10,30000000000000;2022;10;Oct
2022-10-22;08:17:00;18:31:00;497;1111;10,23333333333330;2022;10;Oct
2022-10-23;08:19:00;18:29:00;499;1109;10,16666666666670;2022;10;Oct
2022-10-24;08:20:00;18:27:00;500;1107;10,11666666666670;2022;10;Oct
2022-10-25;08:22:00;18:25:00;502;1105;10,05000000000000;2022;10;Oct
2022-10-26;08:24:00;18:23:00;504;1103;9,98333333333333;2022;10;Oct
2022-10-27;08:26:00;18:21:00;506;1101;9,91666666666667;2022;10;Oct
2022-10-28;08:27:00;18:19:00;507;1099;9,86666666666667;2022;10;Oct
2022-10-29;08:29:00;18:17:00;509;1097;9,80000000000000;2022;10;Oct
2022-10-30;07:31:00;17:16:00;451;1036;9,75000000000000;2022;10;Oct
2022-10-31;07:33:00;17:14:00;453;1034;9,68333333333333;2022;10;Oct
2022-11-01;07:35:00;17:12:00;455;1032;9,61666666666667;2022;11;Nov
2022-11-02;07:36:00;17:10:00;456;1030;9,56666666666667;2022;11;Nov
2022-11-03;07:38:00;17:08:00;458;1028;9,50000000000000;2022;11;Nov
2022-11-04;07:40:00;17:06:00;460;1026;9,43333333333333;2022;11;Nov
2022-11-05;07:42:00;17:05:00;462;1025;9,38333333333333;2022;11;Nov
2022-11-06;07:44:00;17:03:00;464;1023;9,31666666666667;2022;11;Nov
2022-11-07;07:45:00;17:01:00;465;1021;9,26666666666667;2022;11;Nov
2022-11-08;07:47:00;17:00:00;467;1020;9,21666666666667;2022;11;Nov
2022-11-09;07:49:00;16:58:00;469;1018;9,15000000000000;2022;11;Nov
2022-11-10;07:51:00;16:56:00;471;1016;9,08333333333333;2022;11;Nov
2022-11-11;07:53:00;16:55:00;473;1015;9,03333333333333;2022;11;Nov
2022-11-12;07:54:00;16:53:00;474;1013;8,98333333333333;2022;11;Nov
2022-11-13;07:56:00;16:52:00;476;1012;8,93333333333333;2022;11;Nov
2022-11-14;07:58:00;16:50:00;478;1010;8,86666666666667;2022;11;Nov
2022-11-15;08:00:00;16:49:00;480;1009;8,81666666666667;2022;11;Nov
2022-11-16;08:01:00;16:48:00;481;1008;8,78333333333333;2022;11;Nov
2022-11-17;08:03:00;16:46:00;483;1006;8,71666666666667;2022;11;Nov
2022-11-18;08:05:00;16:45:00;485;1005;8,66666666666667;2022;11;Nov
2022-11-19;08:07:00;16:44:00;487;1004;8,61666666666667;2022;11;Nov
2022-11-20;08:08:00;16:42:00;488;1002;8,56666666666667;2022;11;Nov
2022-11-21;08:10:00;16:41:00;490;1001;8,51666666666667;2022;11;Nov
2022-11-22;08:12:00;16:40:00;492;1000;8,46666666666667;2022;11;Nov
2022-11-23;08:13:00;16:39:00;493;999;8,43333333333333;2022;11;Nov
2022-11-24;08:15:00;16:38:00;495;998;8,38333333333333;2022;11;Nov
2022-11-25;08:16:00;16:37:00;496;997;8,35000000000000;2022;11;Nov
2022-11-26;08:18:00;16:36:00;498;996;8,30000000000000;2022;11;Nov
2022-11-27;08:19:00;16:35:00;499;995;8,26666666666667;2022;11;Nov
2022-11-28;08:21:00;16:34:00;501;994;8,21666666666667;2022;11;Nov
2022-11-29;08:23:00;16:34:00;503;994;8,18333333333333;2022;11;Nov
2022-11-30;08:24:00;16:33:00;504;993;8,15000000000000;2022;11;Nov
2022-12-01;08:25:00;16:32:00;505;992;8,11666666666667;2022;12;Dec
2022-12-02;08:27:00;16:32:00;507;992;8,08333333333333;2022;12;Dec
2022-12-03;08:28:00;16:31:00;508;991;8,05000000000000;2022;12;Dec
2022-12-04;08:30:00;16:30:00;510;990;8,00000000000000;2022;12;Dec
2022-12-05;08:31:00;16:30:00;511;990;7,98333333333333;2022;12;Dec
2022-12-06;08:32:00;16:30:00;512;990;7,96666666666667;2022;12;Dec
2022-12-07;08:33:00;16:29:00;513;989;7,93333333333333;2022;12;Dec
2022-12-08;08:35:00;16:29:00;515;989;7,90000000000000;2022;12;Dec
2022-12-09;08:36:00;16:29:00;516;989;7,88333333333333;2022;12;Dec
2022-12-10;08:37:00;16:29:00;517;989;7,86666666666667;2022;12;Dec
2022-12-11;08:38:00;16:28:00;518;988;7,83333333333333;2022;12;Dec
2022-12-12;08:39:00;16:28:00;519;988;7,81666666666667;2022;12;Dec
2022-12-13;08:40:00;16:28:00;520;988;7,80000000000000;2022;12;Dec
2022-12-14;08:41:00;16:28:00;521;988;7,78333333333333;2022;12;Dec
2022-12-15;08:42:00;16:28:00;522;988;7,76666666666667;2022;12;Dec
2022-12-16;08:42:00;16:29:00;522;989;7,78333333333333;2022;12;Dec
2022-12-17;08:43:00;16:29:00;523;989;7,76666666666667;2022;12;Dec
2022-12-18;08:44:00;16:29:00;524;989;7,75000000000000;2022;12;Dec
2022-12-19;08:45:00;16:29:00;525;989;7,73333333333333;2022;12;Dec
2022-12-20;08:45:00;16:30:00;525;990;7,75000000000000;2022;12;Dec
2022-12-21;08:46:00;16:30:00;526;990;7,73333333333333;2022;12;Dec
2022-12-22;08:46:00;16:31:00;526;991;7,75000000000000;2022;12;Dec
2022-12-23;08:47:00;16:31:00;527;991;7,73333333333333;2022;12;Dec
2022-12-24;08:47:00;16:32:00;527;992;7,75000000000000;2022;12;Dec
2022-12-25;08:47:00;16:33:00;527;993;7,76666666666667;2022;12;Dec
2022-12-26;08:48:00;16:33:00;528;993;7,75000000000000;2022;12;Dec
2022-12-27;08:48:00;16:34:00;528;994;7,76666666666667;2022;12;Dec
2022-12-28;08:48:00;16:35:00;528;995;7,78333333333333;2022;12;Dec
2022-12-29;08:48:00;16:36:00;528;996;7,80000000000000;2022;12;Dec
2022-12-30;08:48:00;16:37:00;528;997;7,81666666666667;2022;12;Dec
2022-12-31;08:48:00;16:38:00;528;998;7,83333333333333;2022;12;Dec
2023-01-01;08:48:00;16:39:00;528;999;7,85000000000000;2023;1;Jan
2023-01-02;08:48:00;16:40:00;528;1000;7,86666666666667;2023;1;Jan
2023-01-03;08:48:00;16:41:00;528;1001;7,88333333333333;2023;1;Jan
2023-01-04;08:48:00;16:42:00;528;1002;7,90000000000000;2023;1;Jan
2023-01-05;08:47:00;16:44:00;527;1004;7,95000000000000;2023;1;Jan
2023-01-06;08:47:00;16:45:00;527;1005;7,96666666666667;2023;1;Jan
2023-01-07;08:47:00;16:46:00;527;1006;7,98333333333333;2023;1;Jan
2023-01-08;08:46:00;16:47:00;526;1007;8,01666666666667;2023;1;Jan
2023-01-09;08:46:00;16:49:00;526;1009;8,05000000000000;2023;1;Jan
2023-01-10;08:45:00;16:50:00;525;1010;8,08333333333333;2023;1;Jan
2023-01-11;08:44:00;16:52:00;524;1012;8,13333333333333;2023;1;Jan
2023-01-12;08:44:00;16:53:00;524;1013;8,15000000000000;2023;1;Jan
2023-01-13;08:43:00;16:55:00;523;1015;8,20000000000000;2023;1;Jan
2023-01-14;08:42:00;16:56:00;522;1016;8,23333333333333;2023;1;Jan
2023-01-15;08:41:00;16:58:00;521;1018;8,28333333333333;2023;1;Jan
2023-01-16;08:40:00;16:59:00;520;1019;8,31666666666667;2023;1;Jan
2023-01-17;08:40:00;17:01:00;520;1021;8,35000000000000;2023;1;Jan
2023-01-18;08:39:00;17:03:00;519;1023;8,40000000000000;2023;1;Jan
2023-01-19;08:38:00;17:04:00;518;1024;8,43333333333333;2023;1;Jan
2023-01-20;08:36:00;17:06:00;516;1026;8,50000000000000;2023;1;Jan
2023-01-21;08:35:00;17:08:00;515;1028;8,55000000000000;2023;1;Jan
2023-01-22;08:34:00;17:09:00;514;1029;8,58333333333333;2023;1;Jan
2023-01-23;08:33:00;17:11:00;513;1031;8,63333333333333;2023;1;Jan
2023-01-24;08:32:00;17:13:00;512;1033;8,68333333333333;2023;1;Jan
2023-01-25;08:30:00;17:15:00;510;1035;8,75000000000000;2023;1;Jan
2023-01-26;08:29:00;17:16:00;509;1036;8,78333333333333;2023;1;Jan
2023-01-27;08:28:00;17:18:00;508;1038;8,83333333333333;2023;1;Jan
2023-01-28;08:26:00;17:20:00;506;1040;8,90000000000000;2023;1;Jan
2023-01-29;08:25:00;17:22:00;505;1042;8,95000000000000;2023;1;Jan
2023-01-30;08:23:00;17:24:00;503;1044;9,01666666666667;2023;1;Jan
2023-01-31;08:22:00;17:25:00;502;1045;9,05000000000000;2023;1;Jan
2023-02-01;08:20:00;17:27:00;500;1047;9,11666666666667;2023;2;Feb
2023-02-02;08:19:00;17:29:00;499;1049;9,16666666666667;2023;2;Feb
2023-02-03;08:17:00;17:31:00;497;1051;9,23333333333333;2023;2;Feb
2023-02-04;08:16:00;17:33:00;496;1053;9,28333333333333;2023;2;Feb
2023-02-05;08:14:00;17:35:00;494;1055;9,35000000000000;2023;2;Feb
2023-02-06;08:12:00;17:37:00;492;1057;9,41666666666667;2023;2;Feb
2023-02-07;08:10:00;17:38:00;490;1058;9,46666666666667;2023;2;Feb
2023-02-08;08:09:00;17:40:00;489;1060;9,51666666666667;2023;2;Feb
2023-02-09;08:07:00;17:42:00;487;1062;9,58333333333333;2023;2;Feb
2023-02-10;08:05:00;17:44:00;485;1064;9,65000000000000;2023;2;Feb
2023-02-11;08:03:00;17:46:00;483;1066;9,71666666666667;2023;2;Feb
2023-02-12;08:01:00;17:48:00;481;1068;9,78333333333333;2023;2;Feb
2023-02-13;07:59:00;17:50:00;479;1070;9,85000000000000;2023;2;Feb
2023-02-14;07:58:00;17:51:00;478;1071;9,88333333333333;2023;2;Feb
2023-02-15;07:56:00;17:53:00;476;1073;9,95000000000000;2023;2;Feb
2023-02-16;07:54:00;17:55:00;474;1075;10,01666666666670;2023;2;Feb
2023-02-17;07:52:00;17:57:00;472;1077;10,08333333333330;2023;2;Feb
2023-02-18;07:50:00;17:59:00;470;1079;10,15000000000000;2023;2;Feb
2023-02-19;07:48:00;18:01:00;468;1081;10,21666666666670;2023;2;Feb
2023-02-20;07:46:00;18:03:00;466;1083;10,28333333333330;2023;2;Feb
2023-02-21;07:44:00;18:04:00;464;1084;10,33333333333330;2023;2;Feb
2023-02-22;07:42:00;18:06:00;462;1086;10,40000000000000;2023;2;Feb
2023-02-23;07:39:00;18:08:00;459;1088;10,48333333333330;2023;2;Feb
2023-02-24;07:37:00;18:10:00;457;1090;10,55000000000000;2023;2;Feb
2023-02-25;07:35:00;18:12:00;455;1092;10,61666666666670;2023;2;Feb
2023-02-26;07:33:00;18:14:00;453;1094;10,68333333333330;2023;2;Feb
2023-02-27;07:31:00;18:15:00;451;1095;10,73333333333330;2023;2;Feb
2023-02-28;07:29:00;18:17:00;449;1097;10,80000000000000;2023;2;Feb
2023-03-01;07:27:00;18:19:00;447;1099;10,86666666666670;2023;3;Mar
2023-03-02;07:24:00;18:21:00;444;1101;10,95000000000000;2023;3;Mar
2023-03-03;07:22:00;18:23:00;442;1103;11,01666666666670;2023;3;Mar
2023-03-04;07:20:00;18:24:00;440;1104;11,06666666666670;2023;3;Mar
2023-03-05;07:18:00;18:26:00;438;1106;11,13333333333330;2023;3;Mar
2023-03-06;07:15:00;18:28:00;435;1108;11,21666666666670;2023;3;Mar
2023-03-07;07:13:00;18:30:00;433;1110;11,28333333333330;2023;3;Mar
2023-03-08;07:11:00;18:32:00;431;1112;11,35000000000000;2023;3;Mar
2023-03-09;07:09:00;18:33:00;429;1113;11,40000000000000;2023;3;Mar
2023-03-10;07:06:00;18:35:00;426;1115;11,48333333333330;2023;3;Mar
2023-03-11;07:04:00;18:37:00;424;1117;11,55000000000000;2023;3;Mar
2023-03-12;07:02:00;18:39:00;422;1119;11,61666666666670;2023;3;Mar
2023-03-13;07:00:00;18:40:00;420;1120;11,66666666666670;2023;3;Mar
2023-03-14;06:57:00;18:42:00;417;1122;11,75000000000000;2023;3;Mar
2023-03-15;06:55:00;18:44:00;415;1124;11,81666666666670;2023;3;Mar
2023-03-16;06:53:00;18:46:00;413;1126;11,88333333333330;2023;3;Mar
2023-03-17;06:50:00;18:47:00;410;1127;11,95000000000000;2023;3;Mar
2023-03-18;06:48:00;18:49:00;408;1129;12,01666666666670;2023;3;Mar
2023-03-19;06:46:00;18:51:00;406;1131;12,08333333333330;2023;3;Mar
2023-03-20;06:44:00;18:53:00;404;1133;12,15000000000000;2023;3;Mar
2023-03-21;06:41:00;18:54:00;401;1134;12,21666666666670;2023;3;Mar
2023-03-22;06:39:00;18:56:00;399;1136;12,28333333333330;2023;3;Mar
2023-03-23;06:37:00;18:58:00;397;1138;12,35000000000000;2023;3;Mar
2023-03-24;06:34:00;18:59:00;394;1139;12,41666666666670;2023;3;Mar
2023-03-25;06:32:00;19:01:00;392;1141;12,48333333333330;2023;3;Mar
2023-03-26;07:30:00;20:03:00;450;1203;12,55000000000000;2023;3;Mar
2023-03-27;07:27:00;20:05:00;447;1205;12,63333333333330;2023;3;Mar
2023-03-28;07:25:00;20:06:00;445;1206;12,68333333333330;2023;3;Mar
2023-03-29;07:23:00;20:08:00;443;1208;12,75000000000000;2023;3;Mar
2023-03-30;07:20:00;20:10:00;440;1210;12,83333333333330;2023;3;Mar
2023-03-31;07:18:00;20:11:00;438;1211;12,88333333333330;2023;3;Mar
2023-04-01;07:16:00;20:13:00;436;1213;12,95000000000000;2023;4;Apr
2023-04-02;07:13:00;20:15:00;433;1215;13,03333333333330;2023;4;Apr
2023-04-03;07:11:00;20:17:00;431;1217;13,10000000000000;2023;4;Apr
2023-04-04;07:09:00;20:18:00;429;1218;13,15000000000000;2023;4;Apr
2023-04-05;07:07:00;20:20:00;427;1220;13,21666666666670;2023;4;Apr
2023-04-06;07:04:00;20:22:00;424;1222;13,30000000000000;2023;4;Apr
2023-04-07;07:02:00;20:23:00;422;1223;13,35000000000000;2023;4;Apr
2023-04-08;07:00:00;20:25:00;420;1225;13,41666666666670;2023;4;Apr
2023-04-09;06:58:00;20:27:00;418;1227;13,48333333333330;2023;4;Apr
2023-04-10;06:55:00;20:29:00;415;1229;13,56666666666670;2023;4;Apr
2023-04-11;06:53:00;20:30:00;413;1230;13,61666666666670;2023;4;Apr
2023-04-12;06:51:00;20:32:00;411;1232;13,68333333333330;2023;4;Apr
2023-04-13;06:49:00;20:34:00;409;1234;13,75000000000000;2023;4;Apr
2023-04-14;06:46:00;20:35:00;406;1235;13,81666666666670;2023;4;Apr
2023-04-15;06:44:00;20:37:00;404;1237;13,88333333333330;2023;4;Apr
2023-04-16;06:42:00;20:39:00;402;1239;13,95000000000000;2023;4;Apr
2023-04-17;06:40:00;20:41:00;400;1241;14,01666666666670;2023;4;Apr
2023-04-18;06:38:00;20:42:00;398;1242;14,06666666666670;2023;4;Apr
2023-04-19;06:36:00;20:44:00;396;1244;14,13333333333330;2023;4;Apr
2023-04-20;06:33:00;20:46:00;393;1246;14,21666666666670;2023;4;Apr
2023-04-21;06:31:00;20:47:00;391;1247;14,26666666666670;2023;4;Apr
2023-04-22;06:29:00;20:49:00;389;1249;14,33333333333330;2023;4;Apr
2023-04-23;06:27:00;20:51:00;387;1251;14,40000000000000;2023;4;Apr
2023-04-24;06:25:00;20:53:00;385;1253;14,46666666666670;2023;4;Apr
2023-04-25;06:23:00;20:54:00;383;1254;14,51666666666670;2023;4;Apr
2023-04-26;06:21:00;20:56:00;381;1256;14,58333333333330;2023;4;Apr
2023-04-27;06:19:00;20:58:00;379;1258;14,65000000000000;2023;4;Apr
2023-04-28;06:17:00;20:59:00;377;1259;14,70000000000000;2023;4;Apr
2023-04-29;06:15:00;21:01:00;375;1261;14,76666666666670;2023;4;Apr
2023-04-30;06:13:00;21:03:00;373;1263;14,83333333333330;2023;4;Apr
2023-05-01;06:11:00;21:04:00;371;1264;14,88333333333330;2023;5;May
2023-05-02;06:09:00;21:06:00;369;1266;14,95000000000000;2023;5;May
2023-05-03;06:07:00;21:08:00;367;1268;15,01666666666670;2023;5;May
2023-05-04;06:05:00;21:09:00;365;1269;15,06666666666670;2023;5;May
2023-05-05;06:04:00;21:11:00;364;1271;15,11666666666670;2023;5;May
2023-05-06;06:02:00;21:13:00;362;1273;15,18333333333330;2023;5;May
2023-05-07;06:00:00;21:14:00;360;1274;15,23333333333330;2023;5;May
2023-05-08;05:58:00;21:16:00;358;1276;15,30000000000000;2023;5;May
2023-05-09;05:56:00;21:17:00;356;1277;15,35000000000000;2023;5;May
2023-05-10;05:55:00;21:19:00;355;1279;15,40000000000000;2023;5;May
2023-05-11;05:53:00;21:21:00;353;1281;15,46666666666670;2023;5;May
2023-05-12;05:51:00;21:22:00;351;1282;15,51666666666670;2023;5;May
2023-05-13;05:50:00;21:24:00;350;1284;15,56666666666670;2023;5;May
2023-05-14;05:48:00;21:25:00;348;1285;15,61666666666670;2023;5;May
2023-05-15;05:47:00;21:27:00;347;1287;15,66666666666670;2023;5;May
2023-05-16;05:45:00;21:29:00;345;1289;15,73333333333330;2023;5;May
2023-05-17;05:44:00;21:30:00;344;1290;15,76666666666670;2023;5;May
2023-05-18;05:42:00;21:32:00;342;1292;15,83333333333330;2023;5;May
2023-05-19;05:41:00;21:33:00;341;1293;15,86666666666670;2023;5;May
2023-05-20;05:40:00;21:34:00;340;1294;15,90000000000000;2023;5;May
2023-05-21;05:38:00;21:36:00;338;1296;15,96666666666670;2023;5;May
2023-05-22;05:37:00;21:37:00;337;1297;16,00000000000000;2023;5;May
2023-05-23;05:36:00;21:39:00;336;1299;16,05000000000000;2023;5;May
2023-05-24;05:34:00;21:40:00;334;1300;16,10000000000000;2023;5;May
2023-05-25;05:33:00;21:41:00;333;1301;16,13333333333330;2023;5;May
2023-05-26;05:32:00;21:43:00;332;1303;16,18333333333330;2023;5;May
2023-05-27;05:31:00;21:44:00;331;1304;16,21666666666670;2023;5;May
2023-05-28;05:30:00;21:45:00;330;1305;16,25000000000000;2023;5;May
2023-05-29;05:29:00;21:47:00;329;1307;16,30000000000000;2023;5;May
2023-05-30;05:28:00;21:48:00;328;1308;16,33333333333330;2023;5;May
2023-05-31;05:27:00;21:49:00;327;1309;16,36666666666670;2023;5;May
2023-06-01;05:26:00;21:50:00;326;1310;16,40000000000000;2023;6;Jun
2023-06-02;05:26:00;21:51:00;326;1311;16,41666666666670;2023;6;Jun
2023-06-03;05:25:00;21:52:00;325;1312;16,45000000000000;2023;6;Jun
2023-06-04;05:24:00;21:53:00;324;1313;16,48333333333330;2023;6;Jun
2023-06-05;05:23:00;21:54:00;323;1314;16,51666666666670;2023;6;Jun
2023-06-06;05:23:00;21:55:00;323;1315;16,53333333333330;2023;6;Jun
2023-06-07;05:22:00;21:56:00;322;1316;16,56666666666670;2023;6;Jun
2023-06-08;05:22:00;21:57:00;322;1317;16,58333333333330;2023;6;Jun
2023-06-09;05:21:00;21:58:00;321;1318;16,61666666666670;2023;6;Jun
2023-06-10;05:21:00;21:58:00;321;1318;16,61666666666670;2023;6;Jun
2023-06-11;05:20:00;21:59:00;320;1319;16,65000000000000;2023;6;Jun
2023-06-12;05:20:00;22:00:00;320;1320;16,66666666666670;2023;6;Jun
2023-06-13;05:20:00;22:00:00;320;1320;16,66666666666670;2023;6;Jun
2023-06-14;05:20:00;22:01:00;320;1321;16,68333333333330;2023;6;Jun
2023-06-15;05:20:00;22:02:00;320;1322;16,70000000000000;2023;6;Jun
2023-06-16;05:19:00;22:02:00;319;1322;16,71666666666670;2023;6;Jun
2023-06-17;05:19:00;22:03:00;319;1323;16,73333333333330;2023;6;Jun
2023-06-18;05:19:00;22:03:00;319;1323;16,73333333333330;2023;6;Jun
2023-06-19;05:19:00;22:03:00;319;1323;16,73333333333330;2023;6;Jun
2023-06-20;05:20:00;22:04:00;320;1324;16,73333333333330;2023;6;Jun
2023-06-21;05:20:00;22:04:00;320;1324;16,73333333333330;2023;6;Jun
2023-06-22;05:20:00;22:04:00;320;1324;16,73333333333330;2023;6;Jun
2023-06-23;05:20:00;22:04:00;320;1324;16,73333333333330;2023;6;Jun
2023-06-24;05:21:00;22:04:00;321;1324;16,71666666666670;2023;6;Jun
2023-06-25;05:21:00;22:04:00;321;1324;16,71666666666670;2023;6;Jun
2023-06-26;05:21:00;22:04:00;321;1324;16,71666666666670;2023;6;Jun
2023-06-27;05:22:00;22:04:00;322;1324;16,70000000000000;2023;6;Jun
2023-06-28;05:22:00;22:04:00;322;1324;16,70000000000000;2023;6;Jun
2023-06-29;05:24:00;22:03:00;324;1323;16,65000000000000;2023;6;Jun
2023-06-30;05:24:00;22:03:00;324;1323;16,65000000000000;2023;6;Jun
2023-07-01;05:24:00;22:03:00;324;1323;16,65000000000000;2023;7;Jul
2023-07-02;05:25:00;22:03:00;325;1323;16,63333333333330;2023;7;Jul
2023-07-03;05:26:00;22:02:00;326;1322;16,60000000000000;2023;7;Jul
2023-07-04;05:26:00;22:02:00;326;1322;16,60000000000000;2023;7;Jul
2023-07-05;05:27:00;22:01:00;327;1321;16,56666666666670;2023;7;Jul
2023-07-06;05:28:00;22:01:00;328;1321;16,55000000000000;2023;7;Jul
2023-07-07;05:29:00;22:00:00;329;1320;16,51666666666670;2023;7;Jul
2023-07-08;05:30:00;22:00:00;330;1320;16,50000000000000;2023;7;Jul
2023-07-09;05:31:00;21:59:00;331;1319;16,46666666666670;2023;7;Jul
2023-07-10;05:32:00;21:58:00;332;1318;16,43333333333330;2023;7;Jul
2023-07-11;05:33:00;21:57:00;333;1317;16,40000000000000;2023;7;Jul
2023-07-12;05:34:00;21:56:00;334;1316;16,36666666666670;2023;7;Jul
2023-07-13;05:35:00;21:56:00;335;1316;16,35000000000000;2023;7;Jul
2023-07-14;05:36:00;21:55:00;336;1315;16,31666666666670;2023;7;Jul
2023-07-15;05:38:00;21:54:00;338;1314;16,26666666666670;2023;7;Jul
2023-07-16;05:39:00;21:53:00;339;1313;16,23333333333330;2023;7;Jul
2023-07-17;05:40:00;21:52:00;340;1312;16,20000000000000;2023;7;Jul
2023-07-18;05:41:00;21:50:00;341;1310;16,15000000000000;2023;7;Jul
2023-07-19;05:43:00;21:49:00;343;1309;16,10000000000000;2023;7;Jul
2023-07-20;05:44:00;21:48:00;344;1308;16,06666666666670;2023;7;Jul
2023-07-21;05:45:00;21:47:00;345;1307;16,03333333333330;2023;7;Jul
2023-07-22;05:47:00;21:45:00;347;1305;15,96666666666670;2023;7;Jul
2023-07-23;05:48:00;21:44:00;348;1304;15,93333333333330;2023;7;Jul
2023-07-24;05:49:00;21:43:00;349;1303;15,90000000000000;2023;7;Jul
2023-07-25;05:51:00;21:41:00;351;1301;15,83333333333330;2023;7;Jul
2023-07-26;05:52:00;21:40:00;352;1300;15,80000000000000;2023;7;Jul
2023-07-27;05:54:00;21:38:00;354;1298;15,73333333333330;2023;7;Jul
2023-07-28;05:55:00;21:37:00;355;1297;15,70000000000000;2023;7;Jul
2023-07-29;05:57:00;21:35:00;357;1295;15,63333333333330;2023;7;Jul
2023-07-30;05:58:00;21:34:00;358;1294;15,60000000000000;2023;7;Jul
2023-07-31;06:00:00;21:32:00;360;1292;15,53333333333330;2023;7;Jul
2023-08-01;06:01:00;21:30:00;361;1290;15,48333333333330;2023;8;Aug
2023-08-02;06:03:00;21:29:00;363;1289;15,43333333333330;2023;8;Aug
2023-08-03;06:04:00;21:27:00;364;1287;15,38333333333330;2023;8;Aug
2023-08-04;06:06:00;21:25:00;366;1285;15,31666666666670;2023;8;Aug
2023-08-05;06:07:00;21:24:00;367;1284;15,28333333333330;2023;8;Aug
2023-08-06;06:09:00;21:22:00;369;1282;15,21666666666670;2023;8;Aug
2023-08-07;06:11:00;21:20:00;371;1280;15,15000000000000;2023;8;Aug
2023-08-08;06:12:00;21:18:00;372;1278;15,10000000000000;2023;8;Aug
2023-08-09;06:14:00;21:16:00;374;1276;15,03333333333330;2023;8;Aug
2023-08-10;06:15:00;21:14:00;375;1274;14,98333333333330;2023;8;Aug
2023-08-11;06:17:00;21:12:00;377;1272;14,91666666666670;2023;8;Aug
2023-08-12;06:19:00;21:10:00;379;1270;14,85000000000000;2023;8;Aug
2023-08-13;06:20:00;21:08:00;380;1268;14,80000000000000;2023;8;Aug
2023-08-14;06:22:00;21:06:00;382;1266;14,73333333333330;2023;8;Aug
2023-08-15;06:23:00;21:04:00;383;1264;14,68333333333330;2023;8;Aug
2023-08-16;06:25:00;21:02:00;385;1262;14,61666666666670;2023;8;Aug
2023-08-17;06:27:00;21:00:00;387;1260;14,55000000000000;2023;8;Aug
2023-08-18;06:28:00;20:58:00;388;1258;14,50000000000000;2023;8;Aug
2023-08-19;06:30:00;20:56:00;390;1256;14,43333333333330;2023;8;Aug
2023-08-20;06:32:00;20:54:00;392;1254;14,36666666666670;2023;8;Aug
2023-08-21;06:33:00;20:52:00;393;1252;14,31666666666670;2023;8;Aug
2023-08-22;06:35:00;20:50:00;395;1250;14,25000000000000;2023;8;Aug
2023-08-23;06:37:00;20:48:00;397;1248;14,18333333333330;2023;8;Aug
2023-08-24;06:38:00;20:46:00;398;1246;14,13333333333330;2023;8;Aug
2023-08-25;06:40:00;20:43:00;400;1243;14,05000000000000;2023;8;Aug
2023-08-26;06:41:00;20:41:00;401;1241;14,00000000000000;2023;8;Aug
2023-08-27;06:43:00;20:39:00;403;1239;13,93333333333330;2023;8;Aug
2023-08-28;06:45:00;20:37:00;405;1237;13,86666666666670;2023;8;Aug
2023-08-29;06:46:00;20:35:00;406;1235;13,81666666666670;2023;8;Aug
2023-08-30;06:48:00;20:32:00;408;1232;13,73333333333330;2023;8;Aug
2023-08-31;06:50:00;20:30:00;410;1230;13,66666666666670;2023;8;Aug
2023-09-01;06:51:00;20:28:00;411;1228;13,61666666666670;2023;9;Sep
2023-09-02;06:53:00;20:26:00;413;1226;13,55000000000000;2023;9;Sep
2023-09-03;06:54:00;20:23:00;414;1223;13,48333333333330;2023;9;Sep
2023-09-04;06:56:00;20:21:00;416;1221;13,41666666666670;2023;9;Sep
2023-09-05;06:58:00;20:19:00;418;1219;13,35000000000000;2023;9;Sep
2023-09-06;06:59:00;20:16:00;419;1216;13,28333333333330;2023;9;Sep
2023-09-07;07:01:00;20:14:00;421;1214;13,21666666666670;2023;9;Sep
2023-09-08;07:03:00;20:12:00;423;1212;13,15000000000000;2023;9;Sep
2023-09-09;07:04:00;20:10:00;424;1210;13,10000000000000;2023;9;Sep
2023-09-10;07:06:00;20:07:00;426;1207;13,01666666666670;2023;9;Sep
2023-09-11;07:07:00;20:05:00;427;1205;12,96666666666670;2023;9;Sep
2023-09-12;07:09:00;20:03:00;429;1203;12,90000000000000;2023;9;Sep
2023-09-13;07:11:00;20:00:00;431;1200;12,81666666666670;2023;9;Sep
2023-09-14;07:12:00;19:58:00;432;1198;12,76666666666670;2023;9;Sep
2023-09-15;07:14:00;19:56:00;434;1196;12,70000000000000;2023;9;Sep
2023-09-16;07:16:00;19:53:00;436;1193;12,61666666666670;2023;9;Sep
2023-09-17;07:17:00;19:51:00;437;1191;12,56666666666670;2023;9;Sep
2023-09-18;07:19:00;19:49:00;439;1189;12,50000000000000;2023;9;Sep
2023-09-19;07:20:00;19:46:00;440;1186;12,43333333333330;2023;9;Sep
2023-09-20;07:22:00;19:44:00;442;1184;12,36666666666670;2023;9;Sep
2023-09-21;07:24:00;19:42:00;444;1182;12,30000000000000;2023;9;Sep
2023-09-22;07:25:00;19:39:00;445;1179;12,23333333333330;2023;9;Sep
2023-09-23;07:27:00;19:37:00;447;1177;12,16666666666670;2023;9;Sep
2023-09-24;07:29:00;19:35:00;449;1175;12,10000000000000;2023;9;Sep
2023-09-25;07:30:00;19:32:00;450;1172;12,03333333333330;2023;9;Sep
2023-09-26;07:32:00;19:30:00;452;1170;11,96666666666670;2023;9;Sep
2023-09-27;07:34:00;19:28:00;454;1168;11,90000000000000;2023;9;Sep
2023-09-28;07:35:00;19:25:00;455;1165;11,83333333333330;2023;9;Sep
2023-09-29;07:37:00;19:23:00;457;1163;11,76666666666670;2023;9;Sep
2023-09-30;07:39:00;19:21:00;459;1161;11,70000000000000;2023;9;Sep
2023-10-01;07:40:00;19:18:00;460;1158;11,63333333333330;2023;10;Oct
2023-10-02;07:42:00;19:16:00;462;1156;11,56666666666670;2023;10;Oct
2023-10-03;07:44:00;19:14:00;464;1154;11,50000000000000;2023;10;Oct
2023-10-04;07:45:00;19:11:00;465;1151;11,43333333333330;2023;10;Oct
2023-10-05;07:47:00;19:09:00;467;1149;11,36666666666670;2023;10;Oct
2023-10-06;07:49:00;19:07:00;469;1147;11,30000000000000;2023;10;Oct
2023-10-07;07:50:00;19:05:00;470;1145;11,25000000000000;2023;10;Oct
2023-10-08;07:52:00;19:02:00;472;1142;11,16666666666670;2023;10;Oct
2023-10-09;07:54:00;19:00:00;474;1140;11,10000000000000;2023;10;Oct
2023-10-10;07:55:00;18:58:00;475;1138;11,05000000000000;2023;10;Oct
2023-10-11;07:57:00;18:56:00;477;1136;10,98333333333330;2023;10;Oct
2023-10-12;07:59:00;18:53:00;479;1133;10,90000000000000;2023;10;Oct
2023-10-13;08:01:00;18:51:00;481;1131;10,83333333333330;2023;10;Oct
2023-10-14;08:02:00;18:49:00;482;1129;10,78333333333330;2023;10;Oct
2023-10-15;08:04:00;18:47:00;484;1127;10,71666666666670;2023;10;Oct
2023-10-16;08:06:00;18:45:00;486;1125;10,65000000000000;2023;10;Oct
2023-10-17;08:08:00;18:42:00;488;1122;10,56666666666670;2023;10;Oct
2023-10-18;08:09:00;18:40:00;489;1120;10,51666666666670;2023;10;Oct
2023-10-19;08:11:00;18:38:00;491;1118;10,45000000000000;2023;10;Oct
2023-10-20;08:13:00;18:36:00;493;1116;10,38333333333330;2023;10;Oct
2023-10-21;08:15:00;18:34:00;495;1114;10,31666666666670;2023;10;Oct
2023-10-22;08:16:00;18:32:00;496;1112;10,26666666666670;2023;10;Oct
2023-10-23;08:18:00;18:30:00;498;1110;10,20000000000000;2023;10;Oct
2023-10-24;08:20:00;18:28:00;500;1108;10,13333333333330;2023;10;Oct
2023-10-25;08:22:00;18:26:00;502;1106;10,06666666666670;2023;10;Oct
2023-10-26;08:23:00;18:24:00;503;1104;10,01666666666670;2023;10;Oct
2023-10-27;08:25:00;18:22:00;505;1102;9,95000000000000;2023;10;Oct
2023-10-28;08:27:00;18:20:00;507;1100;9,88333333333333;2023;10;Oct
2023-10-29;07:29:00;17:18:00;449;1038;9,81666666666667;2023;10;Oct
2023-10-30;07:31:00;17:16:00;451;1036;9,75000000000000;2023;10;Oct
2023-10-31;07:32:00;17:14:00;452;1034;9,70000000000000;2023;10;Oct
2023-11-01;07:34:00;17:12:00;454;1032;9,63333333333333;2023;11;Nov
2023-11-02;07:36:00;17:10:00;456;1030;9,56666666666667;2023;11;Nov
2023-11-03;07:38:00;17:09:00;458;1029;9,51666666666667;2023;11;Nov
2023-11-04;07:40:00;17:07:00;460;1027;9,45000000000000;2023;11;Nov
2023-11-05;07:41:00;17:05:00;461;1025;9,40000000000000;2023;11;Nov
2023-11-06;07:43:00;17:03:00;463;1023;9,33333333333333;2023;11;Nov
2023-11-07;07:45:00;17:02:00;465;1022;9,28333333333333;2023;11;Nov
2023-11-08;07:47:00;17:00:00;467;1020;9,21666666666667;2023;11;Nov
2023-11-09;07:49:00;16:58:00;469;1018;9,15000000000000;2023;11;Nov
2023-11-10;07:50:00;16:57:00;470;1017;9,11666666666667;2023;11;Nov
2023-11-11;07:52:00;16:55:00;472;1015;9,05000000000000;2023;11;Nov
2023-11-12;07:54:00;16:54:00;474;1014;9,00000000000000;2023;11;Nov
2023-11-13;07:56:00;16:52:00;476;1012;8,93333333333333;2023;11;Nov
2023-11-14;07:57:00;16:51:00;477;1011;8,90000000000000;2023;11;Nov
2023-11-15;07:59:00;16:49:00;479;1009;8,83333333333333;2023;11;Nov
2023-11-16;08:01:00;16:48:00;481;1008;8,78333333333333;2023;11;Nov
2023-11-17;08:03:00;16:47:00;483;1007;8,73333333333333;2023;11;Nov
2023-11-18;08:04:00;16:45:00;484;1005;8,68333333333333;2023;11;Nov
2023-11-19;08:06:00;16:44:00;486;1004;8,63333333333333;2023;11;Nov
2023-11-20;08:08:00;16:43:00;488;1003;8,58333333333333;2023;11;Nov
2023-11-21;08:09:00;16:42:00;489;1002;8,55000000000000;2023;11;Nov
2023-11-22;08:11:00;16:40:00;491;1000;8,48333333333333;2023;11;Nov
2023-11-23;08:13:00;16:39:00;493;999;8,43333333333333;2023;11;Nov
2023-11-24;08:14:00;16:38:00;494;998;8,40000000000000;2023;11;Nov
2023-11-25;08:16:00;16:37:00;496;997;8,35000000000000;2023;11;Nov
2023-11-26;08:18:00;16:36:00;498;996;8,30000000000000;2023;11;Nov
2023-11-27;08:19:00;16:35:00;499;995;8,26666666666667;2023;11;Nov
2023-11-28;08:21:00;16:35:00;501;995;8,23333333333333;2023;11;Nov
2023-11-29;08:22:00;16:34:00;502;994;8,20000000000000;2023;11;Nov
2023-11-30;08:24:00;16:33:00;504;993;8,15000000000000;2023;11;Nov
2023-12-01;08:25:00;16:32:00;505;992;8,11666666666667;2023;12;Dec
2023-12-02;08:26:00;16:32:00;506;992;8,10000000000000;2023;12;Dec
2023-12-03;08:28:00;16:31:00;508;991;8,05000000000000;2023;12;Dec
2023-12-04;08:29:00;16:31:00;509;991;8,03333333333333;2023;12;Dec
2023-12-05;08:31:00;16:30:00;511;990;7,98333333333333;2023;12;Dec
2023-12-06;08:32:00;16:30:00;512;990;7,96666666666667;2023;12;Dec
2023-12-07;08:33:00;16:29:00;513;989;7,93333333333333;2023;12;Dec
2023-12-08;08:34:00;16:29:00;514;989;7,91666666666667;2023;12;Dec
2023-12-09;08:35:00;16:29:00;515;989;7,90000000000000;2023;12;Dec
2023-12-10;08:37:00;16:29:00;517;989;7,86666666666667;2023;12;Dec
2023-12-11;08:38:00;16:28:00;518;988;7,83333333333333;2023;12;Dec
2023-12-12;08:39:00;16:28:00;519;988;7,81666666666667;2023;12;Dec
2023-12-13;08:40:00;16:28:00;520;988;7,80000000000000;2023;12;Dec
2023-12-14;08:41:00;16:28:00;521;988;7,78333333333333;2023;12;Dec
2023-12-15;08:41:00;16:28:00;521;988;7,78333333333333;2023;12;Dec
2023-12-16;08:42:00;16:29:00;522;989;7,78333333333333;2023;12;Dec
2023-12-17;08:43:00;16:29:00;523;989;7,76666666666667;2023;12;Dec
2023-12-18;08:44:00;16:29:00;524;989;7,75000000000000;2023;12;Dec
2023-12-19;08:45:00;16:30:00;525;990;7,75000000000000;2023;12;Dec
2023-12-20;08:45:00;16:30:00;525;990;7,75000000000000;2023;12;Dec
2023-12-21;08:46:00;16:30:00;526;990;7,73333333333333;2023;12;Dec
2023-12-22;08:46:00;16:31:00;526;991;7,75000000000000;2023;12;Dec
2023-12-23;08:47:00;16:31:00;527;991;7,73333333333333;2023;12;Dec
2023-12-24;08:47:00;16:32:00;527;992;7,75000000000000;2023;12;Dec
2023-12-25;08:47:00;16:33:00;527;993;7,76666666666667;2023;12;Dec
2023-12-26;08:48:00;16:33:00;528;993;7,75000000000000;2023;12;Dec
2023-12-27;08:48:00;16:34:00;528;994;7,76666666666667;2023;12;Dec
2023-12-28;08:48:00;16:35:00;528;995;7,78333333333333;2023;12;Dec
2023-12-29;08:48:00;16:36:00;528;996;7,80000000000000;2023;12;Dec
2023-12-30;08:48:00;16:37:00;528;997;7,81666666666667;2023;12;Dec
2023-12-31;08:48:00;16:38:00;528;998;7,83333333333333;2023;12;Dec
2024-01-01;08:48:00;16:39:00;528;999;7,85000000000000;2024;1;Jan
2024-01-02;08:48:00;16:40:00;528;1000;7,86666666666667;2024;1;Jan
2024-01-03;08:48:00;16:41:00;528;1001;7,88333333333333;2024;1;Jan
2024-01-04;08:48:00;16:42:00;528;1002;7,90000000000000;2024;1;Jan
2024-01-05;08:47:00;16:43:00;527;1003;7,93333333333333;2024;1;Jan
2024-01-06;08:47:00;16:44:00;527;1004;7,95000000000000;2024;1;Jan
2024-01-07;08:47:00;16:46:00;527;1006;7,98333333333333;2024;1;Jan
2024-01-08;08:46:00;16:47:00;526;1007;8,01666666666667;2024;1;Jan
2024-01-09;08:46:00;16:48:00;526;1008;8,03333333333333;2024;1;Jan
2024-01-10;08:45:00;16:50:00;525;1010;8,08333333333333;2024;1;Jan
2024-01-11;08:45:00;16:51:00;525;1011;8,10000000000000;2024;1;Jan
2024-01-12;08:44:00;16:53:00;524;1013;8,15000000000000;2024;1;Jan
2024-01-13;08:43:00;16:54:00;523;1014;8,18333333333333;2024;1;Jan
2024-01-14;08:42:00;16:56:00;522;1016;8,23333333333333;2024;1;Jan
2024-01-15;08:42:00;16:57:00;522;1017;8,25000000000000;2024;1;Jan
2024-01-16;08:41:00;16:59:00;521;1019;8,30000000000000;2024;1;Jan
2024-01-17;08:40:00;17:01:00;520;1021;8,35000000000000;2024;1;Jan
2024-01-18;08:39:00;17:02:00;519;1022;8,38333333333333;2024;1;Jan
2024-01-19;08:38:00;17:04:00;518;1024;8,43333333333333;2024;1;Jan
2024-01-20;08:37:00;17:05:00;517;1025;8,46666666666667;2024;1;Jan
2024-01-21;08:36:00;17:07:00;516;1027;8,51666666666667;2024;1;Jan
2024-01-22;08:35:00;17:09:00;515;1029;8,56666666666667;2024;1;Jan
2024-01-23;08:33:00;17:11:00;513;1031;8,63333333333333;2024;1;Jan
2024-01-24;08:32:00;17:12:00;512;1032;8,66666666666667;2024;1;Jan
2024-01-25;08:31:00;17:14:00;511;1034;8,71666666666667;2024;1;Jan
2024-01-26;08:29:00;17:16:00;509;1036;8,78333333333333;2024;1;Jan
2024-01-27;08:28:00;17:18:00;508;1038;8,83333333333333;2024;1;Jan
2024-01-28;08:27:00;17:20:00;507;1040;8,88333333333333;2024;1;Jan
2024-01-29;08:25:00;17:21:00;505;1041;8,93333333333333;2024;1;Jan
2024-01-30;08:24:00;17:23:00;504;1043;8,98333333333333;2024;1;Jan
2024-01-31;08:22:00;17:25:00;502;1045;9,05000000000000;2024;1;Jan
2024-02-01;08:21:00;17:27:00;501;1047;9,10000000000000;2024;2;Feb
2024-02-02;08:19:00;17:29:00;499;1049;9,16666666666667;2024;2;Feb
2024-02-03;08:18:00;17:31:00;498;1051;9,21666666666667;2024;2;Feb
2024-02-04;08:16:00;17:32:00;496;1052;9,26666666666667;2024;2;Feb
2024-02-05;08:14:00;17:34:00;494;1054;9,33333333333333;2024;2;Feb
2024-02-06;08:13:00;17:36:00;493;1056;9,38333333333333;2024;2;Feb
2024-02-07;08:11:00;17:38:00;491;1058;9,45000000000000;2024;2;Feb
2024-02-08;08:09:00;17:40:00;489;1060;9,51666666666667;2024;2;Feb
2024-02-09;08:07:00;17:42:00;487;1062;9,58333333333333;2024;2;Feb
2024-02-10;08:06:00;17:44:00;486;1064;9,63333333333333;2024;2;Feb
2024-02-11;08:04:00;17:45:00;484;1065;9,68333333333333;2024;2;Feb
2024-02-12;08:02:00;17:47:00;482;1067;9,75000000000000;2024;2;Feb
2024-02-13;08:00:00;17:49:00;480;1069;9,81666666666667;2024;2;Feb
2024-02-14;07:58:00;17:51:00;478;1071;9,88333333333333;2024;2;Feb
2024-02-15;07:56:00;17:53:00;476;1073;9,95000000000000;2024;2;Feb
2024-02-16;07:54:00;17:55:00;474;1075;10,01666666666670;2024;2;Feb
2024-02-17;07:52:00;17:57:00;472;1077;10,08333333333330;2024;2;Feb
2024-02-18;07:50:00;17:59:00;470;1079;10,15000000000000;2024;2;Feb
2024-02-19;07:48:00;18:00:00;468;1080;10,20000000000000;2024;2;Feb
2024-02-20;07:46:00;18:02:00;466;1082;10,26666666666670;2024;2;Feb
2024-02-21;07:44:00;18:04:00;464;1084;10,33333333333330;2024;2;Feb
2024-02-22;07:42:00;18:06:00;462;1086;10,40000000000000;2024;2;Feb
2024-02-23;07:40:00;18:08:00;460;1088;10,46666666666670;2024;2;Feb
2024-02-24;07:38:00;18:10:00;458;1090;10,53333333333330;2024;2;Feb
2024-02-25;07:36:00;18:11:00;456;1091;10,58333333333330;2024;2;Feb
2024-02-26;07:34:00;18:13:00;454;1093;10,65000000000000;2024;2;Feb
2024-02-27;07:31:00;18:15:00;451;1095;10,73333333333330;2024;2;Feb
2024-02-28;07:29:00;18:17:00;449;1097;10,80000000000000;2024;2;Feb
2024-02-29;07:27:00;18:19:00;447;1099;10,86666666666670;2024;2;Feb
2024-03-01;07:25:00;18:20:00;445;1100;10,91666666666670;2024;3;Mar
2024-03-02;07:23:00;18:22:00;443;1102;10,98333333333330;2024;3;Mar
2024-03-03;07:20:00;18:24:00;440;1104;11,06666666666670;2024;3;Mar
2024-03-04;07:18:00;18:26:00;438;1106;11,13333333333330;2024;3;Mar
2024-03-05;07:16:00;18:28:00;436;1108;11,20000000000000;2024;3;Mar
2024-03-06;07:14:00;18:29:00;434;1109;11,25000000000000;2024;3;Mar
2024-03-07;07:12:00;18:31:00;432;1111;11,31666666666670;2024;3;Mar
2024-03-08;07:09:00;18:33:00;429;1113;11,40000000000000;2024;3;Mar
2024-03-09;07:07:00;18:35:00;427;1115;11,46666666666670;2024;3;Mar
2024-03-10;07:05:00;18:36:00;425;1116;11,51666666666670;2024;3;Mar
2024-03-11;07:02:00;18:38:00;422;1118;11,60000000000000;2024;3;Mar
2024-03-12;07:00:00;18:40:00;420;1120;11,66666666666670;2024;3;Mar
2024-03-13;06:58:00;18:42:00;418;1122;11,73333333333330;2024;3;Mar
2024-03-14;06:56:00;18:43:00;416;1123;11,78333333333330;2024;3;Mar
2024-03-15;06:53:00;18:45:00;413;1125;11,86666666666670;2024;3;Mar
2024-03-16;06:51:00;18:47:00;411;1127;11,93333333333330;2024;3;Mar
2024-03-17;06:49:00;18:49:00;409;1129;12,00000000000000;2024;3;Mar
2024-03-18;06:46:00;18:50:00;406;1130;12,06666666666670;2024;3;Mar
2024-03-19;06:44:00;18:52:00;404;1132;12,13333333333330;2024;3;Mar
2024-03-20;06:42:00;18:54:00;402;1134;12,20000000000000;2024;3;Mar
2024-03-21;06:39:00;18:56:00;399;1136;12,28333333333330;2024;3;Mar
2024-03-22;06:37:00;18:57:00;397;1137;12,33333333333330;2024;3;Mar
2024-03-23;06:35:00;18:59:00;395;1139;12,40000000000000;2024;3;Mar
2024-03-24;06:33:00;19:01:00;393;1141;12,46666666666670;2024;3;Mar
2024-03-25;06:30:00;19:02:00;390;1142;12,53333333333330;2024;3;Mar
2024-03-26;06:28:00;19:04:00;388;1144;12,60000000000000;2024;3;Mar
2024-03-27;06:26:00;19:06:00;386;1146;12,66666666666670;2024;3;Mar
2024-03-28;06:23:00;19:08:00;383;1148;12,75000000000000;2024;3;Mar
2024-03-29;06:21:00;19:09:00;381;1149;12,80000000000000;2024;3;Mar
2024-03-30;06:19:00;19:11:00;379;1151;12,86666666666670;2024;3;Mar
2024-03-31;07:16:00;20:13:00;436;1213;12,95000000000000;2024;3;Mar
2024-04-01;07:14:00;20:14:00;434;1214;13,00000000000000;2024;4;Apr
2024-04-02;07:12:00;20:16:00;432;1216;13,06666666666670;2024;4;Apr
2024-04-03;07:09:00;20:18:00;429;1218;13,15000000000000;2024;4;Apr
2024-04-04;07:07:00;20:20:00;427;1220;13,21666666666670;2024;4;Apr
2024-04-05;07:05:00;20:21:00;425;1221;13,26666666666670;2024;4;Apr
2024-04-06;07:03:00;20:23:00;423;1223;13,33333333333330;2024;4;Apr
2024-04-07;07:00:00;20:25:00;420;1225;13,41666666666670;2024;4;Apr
2024-04-08;06:58:00;20:26:00;418;1226;13,46666666666670;2024;4;Apr
2024-04-09;06:56:00;20:28:00;416;1228;13,53333333333330;2024;4;Apr
2024-04-10;06:54:00;20:30:00;414;1230;13,60000000000000;2024;4;Apr
2024-04-11;06:51:00;20:32:00;411;1232;13,68333333333330;2024;4;Apr
2024-04-12;06:49:00;20:33:00;409;1233;13,73333333333330;2024;4;Apr
2024-04-13;06:47:00;20:35:00;407;1235;13,80000000000000;2024;4;Apr
2024-04-14;06:45:00;20:37:00;405;1237;13,86666666666670;2024;4;Apr
2024-04-15;06:43:00;20:38:00;403;1238;13,91666666666670;2024;4;Apr
2024-04-16;06:40:00;20:40:00;400;1240;14,00000000000000;2024;4;Apr
2024-04-17;06:38:00;20:42:00;398;1242;14,06666666666670;2024;4;Apr
2024-04-18;06:36:00;20:44:00;396;1244;14,13333333333330;2024;4;Apr
2024-04-19;06:34:00;20:45:00;394;1245;14,18333333333330;2024;4;Apr
2024-04-20;06:32:00;20:47:00;392;1247;14,25000000000000;2024;4;Apr
2024-04-21;06:30:00;20:49:00;390;1249;14,31666666666670;2024;4;Apr
2024-04-22;06:28:00;20:50:00;388;1250;14,36666666666670;2024;4;Apr
2024-04-23;06:26:00;20:52:00;386;1252;14,43333333333330;2024;4;Apr
2024-04-24;06:23:00;20:54:00;383;1254;14,51666666666670;2024;4;Apr
2024-04-25;06:21:00;20:55:00;381;1255;14,56666666666670;2024;4;Apr
2024-04-26;06:19:00;20:57:00;379;1257;14,63333333333330;2024;4;Apr
2024-04-27;06:17:00;20:59:00;377;1259;14,70000000000000;2024;4;Apr
2024-04-28;06:15:00;21:01:00;375;1261;14,76666666666670;2024;4;Apr
2024-04-29;06:13:00;21:02:00;373;1262;14,81666666666670;2024;4;Apr
2024-04-30;06:12:00;21:04:00;372;1264;14,86666666666670;2024;4;Apr
2024-05-01;06:10:00;21:06:00;370;1266;14,93333333333330;2024;5;May
2024-05-02;06:08:00;21:07:00;368;1267;14,98333333333330;2024;5;May
2024-05-03;06:06:00;21:09:00;366;1269;15,05000000000000;2024;5;May
2024-05-04;06:04:00;21:11:00;364;1271;15,11666666666670;2024;5;May
2024-05-05;06:02:00;21:12:00;362;1272;15,16666666666670;2024;5;May
2024-05-06;06:00:00;21:14:00;360;1274;15,23333333333330;2024;5;May
2024-05-07;05:59:00;21:15:00;359;1275;15,26666666666670;2024;5;May
2024-05-08;05:57:00;21:17:00;357;1277;15,33333333333330;2024;5;May
2024-05-09;05:55:00;21:19:00;355;1279;15,40000000000000;2024;5;May
2024-05-10;05:54:00;21:20:00;354;1280;15,43333333333330;2024;5;May
2024-05-11;05:52:00;21:22:00;352;1282;15,50000000000000;2024;5;May
2024-05-12;05:50:00;21:24:00;350;1284;15,56666666666670;2024;5;May
2024-05-13;05:49:00;21:25:00;349;1285;15,60000000000000;2024;5;May
2024-05-14;05:47:00;21:27:00;347;1287;15,66666666666670;2024;5;May
2024-05-15;05:46:00;21:28:00;346;1288;15,70000000000000;2024;5;May
2024-05-16;05:44:00;21:30:00;344;1290;15,76666666666670;2024;5;May
2024-05-17;05:43:00;21:31:00;343;1291;15,80000000000000;2024;5;May
2024-05-18;05:41:00;21:33:00;341;1293;15,86666666666670;2024;5;May
2024-05-19;05:40:00;21:34:00;340;1294;15,90000000000000;2024;5;May
2024-05-20;05:39:00;21:36:00;339;1296;15,95000000000000;2024;5;May
2024-05-21;05:37:00;21:37:00;337;1297;16,00000000000000;2024;5;May
2024-05-22;05:36:00;21:38:00;336;1298;16,03333333333330;2024;5;May
2024-05-23;05:35:00;21:40:00;335;1300;16,08333333333330;2024;5;May
2024-05-24;05:34:00;21:41:00;334;1301;16,11666666666670;2024;5;May
2024-05-25;05:32:00;21:42:00;332;1302;16,16666666666670;2024;5;May
2024-05-26;05:31:00;21:44:00;331;1304;16,21666666666670;2024;5;May
2024-05-27;05:30:00;21:45:00;330;1305;16,25000000000000;2024;5;May
2024-05-28;05:29:00;21:46:00;329;1306;16,28333333333330;2024;5;May
2024-05-29;05:28:00;21:47:00;328;1307;16,31666666666670;2024;5;May
2024-05-30;05:27:00;21:49:00;327;1309;16,36666666666670;2024;5;May
2024-05-31;05:26:00;21:50:00;326;1310;16,40000000000000;2024;5;May
2024-06-01;05:26:00;21:51:00;326;1311;16,41666666666670;2024;6;Jun
2024-06-02;05:25:00;21:52:00;325;1312;16,45000000000000;2024;6;Jun
2024-06-03;05:24:00;21:53:00;324;1313;16,48333333333330;2024;6;Jun
2024-06-04;05:24:00;21:54:00;324;1314;16,50000000000000;2024;6;Jun
2024-06-05;05:23:00;21:55:00;323;1315;16,53333333333330;2024;6;Jun
2024-06-06;05:22:00;21:56:00;322;1316;16,56666666666670;2024;6;Jun
2024-06-07;05:22:00;21:57:00;322;1317;16,58333333333330;2024;6;Jun
2024-06-08;05:21:00;21:57:00;321;1317;16,60000000000000;2024;6;Jun
2024-06-09;05:21:00;21:58:00;321;1318;16,61666666666670;2024;6;Jun
2024-06-10;05:21:00;21:59:00;321;1319;16,63333333333330;2024;6;Jun
2024-06-11;05:20:00;22:00:00;320;1320;16,66666666666670;2024;6;Jun
2024-06-12;05:20:00;22:00:00;320;1320;16,66666666666670;2024;6;Jun
2024-06-13;05:20:00;22:01:00;320;1321;16,68333333333330;2024;6;Jun
2024-06-14;05:20:00;22:01:00;320;1321;16,68333333333330;2024;6;Jun
2024-06-15;05:19:00;22:02:00;319;1322;16,71666666666670;2024;6;Jun
2024-06-16;05:19:00;22:02:00;319;1322;16,71666666666670;2024;6;Jun
2024-06-17;05:19:00;22:03:00;319;1323;16,73333333333330;2024;6;Jun
2024-06-18;05:19:00;22:03:00;319;1323;16,73333333333330;2024;6;Jun
2024-06-19;05:20:00;22:03:00;320;1323;16,71666666666670;2024;6;Jun
2024-06-20;05:20:00;22:04:00;320;1324;16,73333333333330;2024;6;Jun
2024-06-21;05:20:00;22:04:00;320;1324;16,73333333333330;2024;6;Jun
2024-06-22;05:20:00;22:04:00;320;1324;16,73333333333330;2024;6;Jun
2024-06-23;05:20:00;22:04:00;320;1324;16,73333333333330;2024;6;Jun
2024-06-24;05:21:00;22:04:00;321;1324;16,71666666666670;2024;6;Jun
2024-06-25;05:21:00;22:04:00;321;1324;16,71666666666670;2024;6;Jun
2024-06-26;05:22:00;22:04:00;322;1324;16,70000000000000;2024;6;Jun
2024-06-27;05:22:00;22:04:00;322;1324;16,70000000000000;2024;6;Jun
2024-06-28;05:23:00;22:04:00;323;1324;16,68333333333330;2024;6;Jun
2024-06-29;05:23:00;22:04:00;323;1324;16,68333333333330;2024;6;Jun
2024-06-30;05:24:00;22:03:00;324;1323;16,65000000000000;2024;6;Jun
2024-07-01;05:25:00;22:03:00;325;1323;16,63333333333330;2024;7;Jul
2024-07-02;05:25:00;22:03:00;325;1323;16,63333333333330;2024;7;Jul
2024-07-03;05:26:00;22:02:00;326;1322;16,60000000000000;2024;7;Jul
2024-07-04;05:27:00;22:02:00;327;1322;16,58333333333330;2024;7;Jul
2024-07-05;05:28:00;22:01:00;328;1321;16,55000000000000;2024;7;Jul
2024-07-06;05:29:00;22:00:00;329;1320;16,51666666666670;2024;7;Jul
2024-07-07;05:30:00;22:00:00;330;1320;16,50000000000000;2024;7;Jul
2024-07-08;05:31:00;21:59:00;331;1319;16,46666666666670;2024;7;Jul
2024-07-09;05:32:00;21:58:00;332;1318;16,43333333333330;2024;7;Jul
2024-07-10;05:33:00;21:58:00;333;1318;16,41666666666670;2024;7;Jul
2024-07-11;05:34:00;21:57:00;334;1317;16,38333333333330;2024;7;Jul
2024-07-12;05:35:00;21:56:00;335;1316;16,35000000000000;2024;7;Jul
2024-07-13;05:36:00;21:55:00;336;1315;16,31666666666670;2024;7;Jul
2024-07-14;05:37:00;21:54:00;337;1314;16,28333333333330;2024;7;Jul
2024-07-15;05:39:00;21:53:00;339;1313;16,23333333333330;2024;7;Jul
2024-07-16;05:40:00;21:52:00;340;1312;16,20000000000000;2024;7;Jul
2024-07-17;05:41:00;21:51:00;341;1311;16,16666666666670;2024;7;Jul
2024-07-18;05:42:00;21:50:00;342;1310;16,13333333333330;2024;7;Jul
2024-07-19;05:44:00;21:48:00;344;1308;16,06666666666670;2024;7;Jul
2024-07-20;05:45:00;21:47:00;345;1307;16,03333333333330;2024;7;Jul
2024-07-21;05:46:00;21:46:00;346;1306;16,00000000000000;2024;7;Jul
2024-07-22;05:48:00;21:44:00;348;1304;15,93333333333330;2024;7;Jul
2024-07-23;05:49:00;21:43:00;349;1303;15,90000000000000;2024;7;Jul
2024-07-24;05:51:00;21:42:00;351;1302;15,85000000000000;2024;7;Jul
2024-07-25;05:52:00;21:40:00;352;1300;15,80000000000000;2024;7;Jul
2024-07-26;05:53:00;21:39:00;353;1299;15,76666666666670;2024;7;Jul
2024-07-27;05:55:00;21:37:00;355;1297;15,70000000000000;2024;7;Jul
2024-07-28;05:56:00;21:36:00;356;1296;15,66666666666670;2024;7;Jul
2024-07-29;05:58:00;21:34:00;358;1294;15,60000000000000;2024;7;Jul
2024-07-30;05:59:00;21:32:00;359;1292;15,55000000000000;2024;7;Jul
2024-07-31;06:01:00;21:31:00;361;1291;15,50000000000000;2024;7;Jul
2024-08-01;06:02:00;21:29:00;362;1289;15,45000000000000;2024;8;Aug
2024-08-02;06:04:00;21:27:00;364;1287;15,38333333333330;2024;8;Aug
2024-08-03;06:06:00;21:26:00;366;1286;15,33333333333330;2024;8;Aug
2024-08-04;06:07:00;21:24:00;367;1284;15,28333333333330;2024;8;Aug
2024-08-05;06:09:00;21:22:00;369;1282;15,21666666666670;2024;8;Aug
2024-08-06;06:10:00;21:20:00;370;1280;15,16666666666670;2024;8;Aug
2024-08-07;06:12:00;21:19:00;372;1279;15,11666666666670;2024;8;Aug
2024-08-08;06:13:00;21:17:00;373;1277;15,06666666666670;2024;8;Aug
2024-08-09;06:15:00;21:15:00;375;1275;15,00000000000000;2024;8;Aug
2024-08-10;06:17:00;21:13:00;377;1273;14,93333333333330;2024;8;Aug
2024-08-11;06:18:00;21:11:00;378;1271;14,88333333333330;2024;8;Aug
2024-08-12;06:20:00;21:09:00;380;1269;14,81666666666670;2024;8;Aug
2024-08-13;06:21:00;21:07:00;381;1267;14,76666666666670;2024;8;Aug
2024-08-14;06:23:00;21:05:00;383;1265;14,70000000000000;2024;8;Aug
2024-08-15;06:25:00;21:03:00;385;1263;14,63333333333330;2024;8;Aug
2024-08-16;06:26:00;21:01:00;386;1261;14,58333333333330;2024;8;Aug
2024-08-17;06:28:00;20:59:00;388;1259;14,51666666666670;2024;8;Aug
2024-08-18;06:30:00;20:57:00;390;1257;14,45000000000000;2024;8;Aug
2024-08-19;06:31:00;20:55:00;391;1255;14,40000000000000;2024;8;Aug
2024-08-20;06:33:00;20:53:00;393;1253;14,33333333333330;2024;8;Aug
2024-08-21;06:34:00;20:50:00;394;1250;14,26666666666670;2024;8;Aug
2024-08-22;06:36:00;20:48:00;396;1248;14,20000000000000;2024;8;Aug
2024-08-23;06:38:00;20:46:00;398;1246;14,13333333333330;2024;8;Aug
2024-08-24;06:39:00;20:44:00;399;1244;14,08333333333330;2024;8;Aug
2024-08-25;06:41:00;20:42:00;401;1242;14,01666666666670;2024;8;Aug
2024-08-26;06:43:00;20:40:00;403;1240;13,95000000000000;2024;8;Aug
2024-08-27;06:44:00;20:37:00;404;1237;13,88333333333330;2024;8;Aug
2024-08-28;06:46:00;20:35:00;406;1235;13,81666666666670;2024;8;Aug
2024-08-29;06:48:00;20:33:00;408;1233;13,75000000000000;2024;8;Aug
2024-08-30;06:49:00;20:31:00;409;1231;13,70000000000000;2024;8;Aug
2024-08-31;06:51:00;20:28:00;411;1228;13,61666666666670;2024;8;Aug
2024-09-01;06:52:00;20:26:00;412;1226;13,56666666666670;2024;9;Sep
2024-09-02;06:54:00;20:24:00;414;1224;13,50000000000000;2024;9;Sep
2024-09-03;06:56:00;20:22:00;416;1222;13,43333333333330;2024;9;Sep
2024-09-04;06:57:00;20:19:00;417;1219;13,36666666666670;2024;9;Sep
2024-09-05;06:59:00;20:17:00;419;1217;13,30000000000000;2024;9;Sep
2024-09-06;07:01:00;20:15:00;421;1215;13,23333333333330;2024;9;Sep
2024-09-07;07:02:00;20:12:00;422;1212;13,16666666666670;2024;9;Sep
2024-09-08;07:04:00;20:10:00;424;1210;13,10000000000000;2024;9;Sep
2024-09-09;07:05:00;20:08:00;425;1208;13,05000000000000;2024;9;Sep
2024-09-10;07:07:00;20:05:00;427;1205;12,96666666666670;2024;9;Sep
2024-09-11;07:09:00;20:03:00;429;1203;12,90000000000000;2024;9;Sep
2024-09-12;07:10:00;20:01:00;430;1201;12,85000000000000;2024;9;Sep
2024-09-13;07:12:00;19:59:00;432;1199;12,78333333333330;2024;9;Sep
2024-09-14;07:14:00;19:56:00;434;1196;12,70000000000000;2024;9;Sep
2024-09-15;07:15:00;19:54:00;435;1194;12,65000000000000;2024;9;Sep
2024-09-16;07:17:00;19:52:00;437;1192;12,58333333333330;2024;9;Sep
2024-09-17;07:18:00;19:49:00;438;1189;12,51666666666670;2024;9;Sep
2024-09-18;07:20:00;19:47:00;440;1187;12,45000000000000;2024;9;Sep
2024-09-19;07:22:00;19:44:00;442;1184;12,36666666666670;2024;9;Sep
2024-09-20;07:23:00;19:42:00;443;1182;12,31666666666670;2024;9;Sep
2024-09-21;07:25:00;19:40:00;445;1180;12,25000000000000;2024;9;Sep
2024-09-22;07:27:00;19:37:00;447;1177;12,16666666666670;2024;9;Sep
2024-09-23;07:28:00;19:35:00;448;1175;12,11666666666670;2024;9;Sep
2024-09-24;07:30:00;19:33:00;450;1173;12,05000000000000;2024;9;Sep
2024-09-25;07:32:00;19:30:00;452;1170;11,96666666666670;2024;9;Sep
2024-09-26;07:33:00;19:28:00;453;1168;11,91666666666670;2024;9;Sep
2024-09-27;07:35:00;19:26:00;455;1166;11,85000000000000;2024;9;Sep
2024-09-28;07:37:00;19:23:00;457;1163;11,76666666666670;2024;9;Sep
2024-09-29;07:38:00;19:21:00;458;1161;11,71666666666670;2024;9;Sep
2024-09-30;07:40:00;19:19:00;460;1159;11,65000000000000;2024;9;Sep
2024-10-01;07:42:00;19:16:00;462;1156;11,56666666666670;2024;10;Oct
2024-10-02;07:43:00;19:14:00;463;1154;11,51666666666670;2024;10;Oct
2024-10-03;07:45:00;19:12:00;465;1152;11,45000000000000;2024;10;Oct
2024-10-04;07:47:00;19:10:00;467;1150;11,38333333333330;2024;10;Oct
2024-10-05;07:48:00;19:07:00;468;1147;11,31666666666670;2024;10;Oct
2024-10-06;07:50:00;19:05:00;470;1145;11,25000000000000;2024;10;Oct
2024-10-07;07:52:00;19:03:00;472;1143;11,18333333333330;2024;10;Oct
2024-10-08;07:53:00;19:01:00;473;1141;11,13333333333330;2024;10;Oct
2024-10-09;07:55:00;18:58:00;475;1138;11,05000000000000;2024;10;Oct
2024-10-10;07:57:00;18:56:00;477;1136;10,98333333333330;2024;10;Oct
2024-10-11;07:58:00;18:54:00;478;1134;10,93333333333330;2024;10;Oct
2024-10-12;08:00:00;18:52:00;480;1132;10,86666666666670;2024;10;Oct
2024-10-13;08:02:00;18:49:00;482;1129;10,78333333333330;2024;10;Oct
2024-10-14;08:04:00;18:47:00;484;1127;10,71666666666670;2024;10;Oct
2024-10-15;08:05:00;18:45:00;485;1125;10,66666666666670;2024;10;Oct
2024-10-16;08:07:00;18:43:00;487;1123;10,60000000000000;2024;10;Oct
2024-10-17;08:09:00;18:41:00;489;1121;10,53333333333330;2024;10;Oct
2024-10-18;08:11:00;18:39:00;491;1119;10,46666666666670;2024;10;Oct
2024-10-19;08:12:00;18:37:00;492;1117;10,41666666666670;2024;10;Oct
2024-10-20;08:14:00;18:34:00;494;1114;10,33333333333330;2024;10;Oct
2024-10-21;08:16:00;18:32:00;496;1112;10,26666666666670;2024;10;Oct
2024-10-22;08:18:00;18:30:00;498;1110;10,20000000000000;2024;10;Oct
2024-10-23;08:19:00;18:28:00;499;1108;10,15000000000000;2024;10;Oct
2024-10-24;08:21:00;18:26:00;501;1106;10,08333333333330;2024;10;Oct
2024-10-25;08:23:00;18:24:00;503;1104;10,01666666666670;2024;10;Oct
2024-10-26;08:25:00;18:22:00;505;1102;9,95000000000000;2024;10;Oct
2024-10-27;07:27:00;17:20:00;447;1040;9,88333333333333;2024;10;Oct
2024-10-28;07:28:00;17:18:00;448;1038;9,83333333333333;2024;10;Oct
2024-10-29;07:30:00;17:16:00;450;1036;9,76666666666667;2024;10;Oct
2024-10-30;07:32:00;17:15:00;452;1035;9,71666666666667;2024;10;Oct
2024-10-31;07:34:00;17:13:00;454;1033;9,65000000000000;2024;10;Oct
2024-11-01;07:36:00;17:11:00;456;1031;9,58333333333333;2024;11;Nov
2024-11-02;07:37:00;17:09:00;457;1029;9,53333333333333;2024;11;Nov
2024-11-03;07:39:00;17:07:00;459;1027;9,46666666666667;2024;11;Nov
2024-11-04;07:41:00;17:05:00;461;1025;9,40000000000000;2024;11;Nov
2024-11-05;07:43:00;17:04:00;463;1024;9,35000000000000;2024;11;Nov
2024-11-06;07:45:00;17:02:00;465;1022;9,28333333333333;2024;11;Nov
2024-11-07;07:46:00;17:00:00;466;1020;9,23333333333333;2024;11;Nov
2024-11-08;07:48:00;16:59:00;468;1019;9,18333333333333;2024;11;Nov
2024-11-09;07:50:00;16:57:00;470;1017;9,11666666666667;2024;11;Nov
2024-11-10;07:52:00;16:56:00;472;1016;9,06666666666667;2024;11;Nov
2024-11-11;07:54:00;16:54:00;474;1014;9,00000000000000;2024;11;Nov
2024-11-12;07:55:00;16:53:00;475;1013;8,96666666666667;2024;11;Nov
2024-11-13;07:57:00;16:51:00;477;1011;8,90000000000000;2024;11;Nov
2024-11-14;07:59:00;16:50:00;479;1010;8,85000000000000;2024;11;Nov
2024-11-15;08:01:00;16:48:00;481;1008;8,78333333333333;2024;11;Nov
2024-11-16;08:02:00;16:47:00;482;1007;8,75000000000000;2024;11;Nov
2024-11-17;08:04:00;16:46:00;484;1006;8,70000000000000;2024;11;Nov
2024-11-18;08:06:00;16:44:00;486;1004;8,63333333333333;2024;11;Nov
2024-11-19;08:07:00;16:43:00;487;1003;8,60000000000000;2024;11;Nov
2024-11-20;08:09:00;16:42:00;489;1002;8,55000000000000;2024;11;Nov
2024-11-21;08:11:00;16:41:00;491;1001;8,50000000000000;2024;11;Nov
2024-11-22;08:12:00;16:40:00;492;1000;8,46666666666667;2024;11;Nov
2024-11-23;08:14:00;16:39:00;494;999;8,41666666666667;2024;11;Nov
2024-11-24;08:16:00;16:38:00;496;998;8,36666666666667;2024;11;Nov
2024-11-25;08:17:00;16:37:00;497;997;8,33333333333333;2024;11;Nov
2024-11-26;08:19:00;16:36:00;499;996;8,28333333333333;2024;11;Nov
2024-11-27;08:20:00;16:35:00;500;995;8,25000000000000;2024;11;Nov
2024-11-28;08:22:00;16:34:00;502;994;8,20000000000000;2024;11;Nov
2024-11-29;08:23:00;16:33:00;503;993;8,16666666666667;2024;11;Nov
2024-11-30;08:25:00;16:33:00;505;993;8,13333333333333;2024;11;Nov
2024-12-01;08:26:00;16:32:00;506;992;8,10000000000000;2024;12;Dec
2024-12-02;08:28:00;16:31:00;508;991;8,05000000000000;2024;12;Dec
2024-12-03;08:29:00;16:31:00;509;991;8,03333333333333;2024;12;Dec
2024-12-04;08:30:00;16:30:00;510;990;8,00000000000000;2024;12;Dec
2024-12-05;08:32:00;16:30:00;512;990;7,96666666666667;2024;12;Dec
2024-12-06;08:33:00;16:29:00;513;989;7,93333333333333;2024;12;Dec
2024-12-07;08:34:00;16:29:00;514;989;7,91666666666667;2024;12;Dec
2024-12-08;08:35:00;16:29:00;515;989;7,90000000000000;2024;12;Dec
2024-12-09;08:36:00;16:29:00;516;989;7,88333333333333;2024;12;Dec
2024-12-10;08:37:00;16:28:00;517;988;7,85000000000000;2024;12;Dec
2024-12-11;08:38:00;16:28:00;518;988;7,83333333333333;2024;12;Dec
2024-12-12;08:39:00;16:28:00;519;988;7,81666666666667;2024;12;Dec
2024-12-13;08:40:00;16:28:00;520;988;7,80000000000000;2024;12;Dec
2024-12-14;08:41:00;16:28:00;521;988;7,78333333333333;2024;12;Dec
2024-12-15;08:42:00;16:29:00;522;989;7,78333333333333;2024;12;Dec
2024-12-16;08:43:00;16:29:00;523;989;7,76666666666667;2024;12;Dec
2024-12-17;08:44:00;16:29:00;524;989;7,75000000000000;2024;12;Dec
2024-12-18;08:44:00;16:29:00;524;989;7,75000000000000;2024;12;Dec
2024-12-19;08:45:00;16:30:00;525;990;7,75000000000000;2024;12;Dec
2024-12-20;08:45:00;16:30:00;525;990;7,75000000000000;2024;12;Dec
2024-12-21;08:46:00;16:31:00;526;991;7,75000000000000;2024;12;Dec
2024-12-22;08:46:00;16:31:00;526;991;7,75000000000000;2024;12;Dec
2024-12-23;08:47:00;16:32:00;527;992;7,75000000000000;2024;12;Dec
2024-12-24;08:47:00;16:32:00;527;992;7,75000000000000;2024;12;Dec
2024-12-25;08:48:00;16:33:00;528;993;7,75000000000000;2024;12;Dec
2024-12-26;08:48:00;16:34:00;528;994;7,76666666666667;2024;12;Dec
2024-12-27;08:48:00;16:35:00;528;995;7,78333333333333;2024;12;Dec
2024-12-28;08:48:00;16:36:00;528;996;7,80000000000000;2024;12;Dec
2024-12-29;08:48:00;16:36:00;528;996;7,80000000000000;2024;12;Dec
2024-12-30;08:48:00;16:37:00;528;997;7,81666666666667;2024;12;Dec
2024-12-31;08:48:00;16:38:00;528;998;7,83333333333333;2024;12;Dec
2025-01-01;08:48:00;16:39:00;528;999;7,85000000000000;2025;1;Jan
2025-01-02;08:48:00;16:41:00;528;1001;7,88333333333333;2025;1;Jan
2025-01-03;08:48:00;16:42:00;528;1002;7,90000000000000;2025;1;Jan
2025-01-04;08:47:00;16:43:00;527;1003;7,93333333333333;2025;1;Jan
2025-01-05;08:47:00;16:44:00;527;1004;7,95000000000000;2025;1;Jan
2025-01-06;08:47:00;16:45:00;527;1005;7,96666666666667;2025;1;Jan
2025-01-07;08:46:00;16:47:00;526;1007;8,01666666666667;2025;1;Jan
2025-01-08;08:46:00;16:48:00;526;1008;8,03333333333333;2025;1;Jan
2025-01-09;08:45:00;16:50:00;525;1010;8,08333333333333;2025;1;Jan
2025-01-10;08:45:00;16:51:00;525;1011;8,10000000000000;2025;1;Jan
2025-01-11;08:44:00;16:52:00;524;1012;8,13333333333333;2025;1;Jan
2025-01-12;08:43:00;16:54:00;523;1014;8,18333333333333;2025;1;Jan
2025-01-13;08:43:00;16:55:00;523;1015;8,20000000000000;2025;1;Jan
2025-01-14;08:42:00;16:57:00;522;1017;8,25000000000000;2025;1;Jan
2025-01-15;08:41:00;16:59:00;521;1019;8,30000000000000;2025;1;Jan
2025-01-16;08:40:00;17:00:00;520;1020;8,33333333333333;2025;1;Jan
2025-01-17;08:39:00;17:02:00;519;1022;8,38333333333333;2025;1;Jan
2025-01-18;08:38:00;17:03:00;518;1023;8,41666666666667;2025;1;Jan
2025-01-19;08:37:00;17:05:00;517;1025;8,46666666666667;2025;1;Jan
2025-01-20;08:36:00;17:07:00;516;1027;8,51666666666667;2025;1;Jan
2025-01-21;08:35:00;17:08:00;515;1028;8,55000000000000;2025;1;Jan
2025-01-22;08:34:00;17:10:00;514;1030;8,60000000000000;2025;1;Jan
2025-01-23;08:32:00;17:12:00;512;1032;8,66666666666667;2025;1;Jan
2025-01-24;08:31:00;17:14:00;511;1034;8,71666666666667;2025;1;Jan
2025-01-25;08:30:00;17:15:00;510;1035;8,75000000000000;2025;1;Jan
2025-01-26;08:28:00;17:17:00;508;1037;8,81666666666667;2025;1;Jan
2025-01-27;08:27:00;17:19:00;507;1039;8,86666666666667;2025;1;Jan
2025-01-28;08:26:00;17:21:00;506;1041;8,91666666666667;2025;1;Jan
2025-01-29;08:24:00;17:23:00;504;1043;8,98333333333333;2025;1;Jan
2025-01-30;08:23:00;17:25:00;503;1045;9,03333333333333;2025;1;Jan
2025-01-31;08:21:00;17:26:00;501;1046;9,08333333333333;2025;1;Jan
2025-02-01;08:20:00;17:28:00;500;1048;9,13333333333333;2025;2;Feb
2025-02-02;08:18:00;17:30:00;498;1050;9,20000000000000;2025;2;Feb
2025-02-03;08:16:00;17:32:00;496;1052;9,26666666666667;2025;2;Feb
2025-02-04;08:15:00;17:34:00;495;1054;9,31666666666667;2025;2;Feb
2025-02-05;08:13:00;17:36:00;493;1056;9,38333333333333;2025;2;Feb
2025-02-06;08:11:00;17:38:00;491;1058;9,45000000000000;2025;2;Feb
2025-02-07;08:10:00;17:39:00;490;1059;9,48333333333333;2025;2;Feb
2025-02-08;08:08:00;17:41:00;488;1061;9,55000000000000;2025;2;Feb
2025-02-09;08:06:00;17:43:00;486;1063;9,61666666666667;2025;2;Feb
2025-02-10;08:04:00;17:45:00;484;1065;9,68333333333333;2025;2;Feb
2025-02-11;08:02:00;17:47:00;482;1067;9,75000000000000;2025;2;Feb
2025-02-12;08:00:00;17:49:00;480;1069;9,81666666666667;2025;2;Feb
2025-02-13;07:58:00;17:51:00;478;1071;9,88333333333333;2025;2;Feb
2025-02-14;07:57:00;17:52:00;477;1072;9,91666666666667;2025;2;Feb
2025-02-15;07:55:00;17:54:00;475;1074;9,98333333333333;2025;2;Feb
2025-02-16;07:53:00;17:56:00;473;1076;10,05000000000000;2025;2;Feb
2025-02-17;07:51:00;17:58:00;471;1078;10,11666666666670;2025;2;Feb
2025-02-18;07:49:00;18:00:00;469;1080;10,18333333333330;2025;2;Feb
2025-02-19;07:47:00;18:02:00;467;1082;10,25000000000000;2025;2;Feb
2025-02-20;07:45:00;18:04:00;465;1084;10,31666666666670;2025;2;Feb
2025-02-21;07:43:00;18:05:00;463;1085;10,36666666666670;2025;2;Feb
2025-02-22;07:40:00;18:07:00;460;1087;10,45000000000000;2025;2;Feb
2025-02-23;07:38:00;18:09:00;458;1089;10,51666666666670;2025;2;Feb
2025-02-24;07:36:00;18:11:00;456;1091;10,58333333333330;2025;2;Feb
2025-02-25;07:34:00;18:13:00;454;1093;10,65000000000000;2025;2;Feb
2025-02-26;07:32:00;18:15:00;452;1095;10,71666666666670;2025;2;Feb
2025-02-27;07:30:00;18:16:00;450;1096;10,76666666666670;2025;2;Feb
2025-02-28;07:28:00;18:18:00;448;1098;10,83333333333330;2025;2;Feb
2025-03-01;07:25:00;18:20:00;445;1100;10,91666666666670;2025;3;Mar
2025-03-02;07:23:00;18:22:00;443;1102;10,98333333333330;2025;3;Mar
2025-03-03;07:21:00;18:24:00;441;1104;11,05000000000000;2025;3;Mar
2025-03-04;07:19:00;18:25:00;439;1105;11,10000000000000;2025;3;Mar
2025-03-05;07:17:00;18:27:00;437;1107;11,16666666666670;2025;3;Mar
2025-03-06;07:14:00;18:29:00;434;1109;11,25000000000000;2025;3;Mar
2025-03-07;07:12:00;18:31:00;432;1111;11,31666666666670;2025;3;Mar
2025-03-08;07:10:00;18:32:00;430;1112;11,36666666666670;2025;3;Mar
2025-03-09;07:08:00;18:34:00;428;1114;11,43333333333330;2025;3;Mar
2025-03-10;07:05:00;18:36:00;425;1116;11,51666666666670;2025;3;Mar
2025-03-11;07:03:00;18:38:00;423;1118;11,58333333333330;2025;3;Mar
2025-03-12;07:01:00;18:40:00;421;1120;11,65000000000000;2025;3;Mar
2025-03-13;06:58:00;18:41:00;418;1121;11,71666666666670;2025;3;Mar
2025-03-14;06:56:00;18:43:00;416;1123;11,78333333333330;2025;3;Mar
2025-03-15;06:54:00;18:45:00;414;1125;11,85000000000000;2025;3;Mar
2025-03-16;06:52:00;18:47:00;412;1127;11,91666666666670;2025;3;Mar
2025-03-17;06:49:00;18:48:00;409;1128;11,98333333333330;2025;3;Mar
2025-03-18;06:47:00;18:50:00;407;1130;12,05000000000000;2025;3;Mar
2025-03-19;06:45:00;18:52:00;405;1132;12,11666666666670;2025;3;Mar
2025-03-20;06:42:00;18:53:00;402;1133;12,18333333333330;2025;3;Mar
2025-03-21;06:40:00;18:55:00;400;1135;12,25000000000000;2025;3;Mar
2025-03-22;06:38:00;18:57:00;398;1137;12,31666666666670;2025;3;Mar
2025-03-23;06:35:00;18:59:00;395;1139;12,40000000000000;2025;3;Mar
2025-03-24;06:33:00;19:00:00;393;1140;12,45000000000000;2025;3;Mar
2025-03-25;06:31:00;19:02:00;391;1142;12,51666666666670;2025;3;Mar
2025-03-26;06:28:00;19:04:00;388;1144;12,60000000000000;2025;3;Mar
2025-03-27;06:26:00;19:05:00;386;1145;12,65000000000000;2025;3;Mar
2025-03-28;06:24:00;19:07:00;384;1147;12,71666666666670;2025;3;Mar
2025-03-29;06:21:00;19:09:00;381;1149;12,80000000000000;2025;3;Mar
2025-03-30;07:19:00;20:11:00;439;1211;12,86666666666670;2025;3;Mar
2025-03-31;07:17:00;20:12:00;437;1212;12,91666666666670;2025;3;Mar
2025-04-01;07:15:00;20:14:00;435;1214;12,98333333333330;2025;4;Apr
2025-04-02;07:12:00;20:16:00;432;1216;13,06666666666670;2025;4;Apr
2025-04-03;07:10:00;20:17:00;430;1217;13,11666666666670;2025;4;Apr
2025-04-04;07:08:00;20:19:00;428;1219;13,18333333333330;2025;4;Apr
2025-04-05;07:05:00;20:21:00;425;1221;13,26666666666670;2025;4;Apr
2025-04-06;07:03:00;20:23:00;423;1223;13,33333333333330;2025;4;Apr
2025-04-07;07:01:00;20:24:00;421;1224;13,38333333333330;2025;4;Apr
2025-04-08;06:59:00;20:26:00;419;1226;13,45000000000000;2025;4;Apr
2025-04-09;06:56:00;20:28:00;416;1228;13,53333333333330;2025;4;Apr
2025-04-10;06:54:00;20:29:00;414;1229;13,58333333333330;2025;4;Apr
2025-04-11;06:52:00;20:31:00;412;1231;13,65000000000000;2025;4;Apr
2025-04-12;06:50:00;20:33:00;410;1233;13,71666666666670;2025;4;Apr
2025-04-13;06:47:00;20:35:00;407;1235;13,80000000000000;2025;4;Apr
2025-04-14;06:45:00;20:36:00;405;1236;13,85000000000000;2025;4;Apr
2025-04-15;06:43:00;20:38:00;403;1238;13,91666666666670;2025;4;Apr
2025-04-16;06:41:00;20:40:00;401;1240;13,98333333333330;2025;4;Apr
2025-04-17;06:39:00;20:41:00;399;1241;14,03333333333330;2025;4;Apr
2025-04-18;06:37:00;20:43:00;397;1243;14,10000000000000;2025;4;Apr
2025-04-19;06:34:00;20:45:00;394;1245;14,18333333333330;2025;4;Apr
2025-04-20;06:32:00;20:47:00;392;1247;14,25000000000000;2025;4;Apr
2025-04-21;06:30:00;20:48:00;390;1248;14,30000000000000;2025;4;Apr
2025-04-22;06:28:00;20:50:00;388;1250;14,36666666666670;2025;4;Apr
2025-04-23;06:26:00;20:52:00;386;1252;14,43333333333330;2025;4;Apr
2025-04-24;06:24:00;20:53:00;384;1253;14,48333333333330;2025;4;Apr
2025-04-25;06:22:00;20:55:00;382;1255;14,55000000000000;2025;4;Apr
2025-04-26;06:20:00;20:57:00;380;1257;14,61666666666670;2025;4;Apr
2025-04-27;06:18:00;20:58:00;378;1258;14,66666666666670;2025;4;Apr
2025-04-28;06:16:00;21:00:00;376;1260;14,73333333333330;2025;4;Apr
2025-04-29;06:14:00;21:02:00;374;1262;14,80000000000000;2025;4;Apr
2025-04-30;06:12:00;21:03:00;372;1263;14,85000000000000;2025;4;Apr
2025-05-01;06:10:00;21:05:00;370;1265;14,91666666666670;2025;5;May
2025-05-02;06:08:00;21:07:00;368;1267;14,98333333333330;2025;5;May
2025-05-03;06:06:00;21:08:00;366;1268;15,03333333333330;2025;5;May
2025-05-04;06:04:00;21:10:00;364;1270;15,10000000000000;2025;5;May
2025-05-05;06:03:00;21:12:00;363;1272;15,15000000000000;2025;5;May
2025-05-06;06:01:00;21:13:00;361;1273;15,20000000000000;2025;5;May
2025-05-07;05:59:00;21:15:00;359;1275;15,26666666666670;2025;5;May
2025-05-08;05:57:00;21:17:00;357;1277;15,33333333333330;2025;5;May
2025-05-09;05:56:00;21:18:00;356;1278;15,36666666666670;2025;5;May
2025-05-10;05:54:00;21:20:00;354;1280;15,43333333333330;2025;5;May
2025-05-11;05:52:00;21:22:00;352;1282;15,50000000000000;2025;5;May
2025-05-12;05:51:00;21:23:00;351;1283;15,53333333333330;2025;5;May
2025-05-13;05:49:00;21:25:00;349;1285;15,60000000000000;2025;5;May
2025-05-14;05:47:00;21:26:00;347;1286;15,65000000000000;2025;5;May
2025-05-15;05:46:00;21:28:00;346;1288;15,70000000000000;2025;5;May
2025-05-16;05:44:00;21:29:00;344;1289;15,75000000000000;2025;5;May
2025-05-17;05:43:00;21:31:00;343;1291;15,80000000000000;2025;5;May
2025-05-18;05:42:00;21:32:00;342;1292;15,83333333333330;2025;5;May
2025-05-19;05:40:00;21:34:00;340;1294;15,90000000000000;2025;5;May
2025-05-20;05:39:00;21:35:00;339;1295;15,93333333333330;2025;5;May
2025-05-21;05:38:00;21:37:00;338;1297;15,98333333333330;2025;5;May
2025-05-22;05:36:00;21:38:00;336;1298;16,03333333333330;2025;5;May
2025-05-23;05:35:00;21:39:00;335;1299;16,06666666666670;2025;5;May
2025-05-24;05:34:00;21:41:00;334;1301;16,11666666666670;2025;5;May
2025-05-25;05:33:00;21:42:00;333;1302;16,15000000000000;2025;5;May
2025-05-26;05:32:00;21:43:00;332;1303;16,18333333333330;2025;5;May
2025-05-27;05:30:00;21:45:00;330;1305;16,25000000000000;2025;5;May
2025-05-28;05:29:00;21:46:00;329;1306;16,28333333333330;2025;5;May
2025-05-29;05:29:00;21:47:00;329;1307;16,30000000000000;2025;5;May
2025-05-30;05:28:00;21:48:00;328;1308;16,33333333333330;2025;5;May
2025-05-31;05:27:00;21:49:00;327;1309;16,36666666666670;2025;5;May
2025-06-01;05:26:00;21:51:00;326;1311;16,41666666666670;2025;6;Jun
2025-06-02;05:25:00;21:52:00;325;1312;16,45000000000000;2025;6;Jun
2025-06-03;05:24:00;21:53:00;324;1313;16,48333333333330;2025;6;Jun
2025-06-04;05:24:00;21:54:00;324;1314;16,50000000000000;2025;6;Jun
2025-06-05;05:23:00;21:55:00;323;1315;16,53333333333330;2025;6;Jun
2025-06-06;05:22:00;21:56:00;322;1316;16,56666666666670;2025;6;Jun
2025-06-07;05:22:00;21:56:00;322;1316;16,56666666666670;2025;6;Jun
2025-06-08;05:21:00;21:57:00;321;1317;16,60000000000000;2025;6;Jun
2025-06-09;05:21:00;21:58:00;321;1318;16,61666666666670;2025;6;Jun
2025-06-10;05:21:00;21:59:00;321;1319;16,63333333333330;2025;6;Jun
2025-06-11;05:20:00;21:59:00;320;1319;16,65000000000000;2025;6;Jun
2025-06-12;05:20:00;22:00:00;320;1320;16,66666666666670;2025;6;Jun
2025-06-13;05:20:00;22:01:00;320;1321;16,68333333333330;2025;6;Jun
2025-06-14;05:20:00;22:01:00;320;1321;16,68333333333330;2025;6;Jun
2025-06-15;05:19:00;22:02:00;319;1322;16,71666666666670;2025;6;Jun
2025-06-16;05:19:00;22:02:00;319;1322;16,71666666666670;2025;6;Jun
2025-06-17;05:19:00;22:03:00;319;1323;16,73333333333330;2025;6;Jun
2025-06-18;05:19:00;22:03:00;319;1323;16,73333333333330;2025;6;Jun
2025-06-19;05:19:00;22:03:00;319;1323;16,73333333333330;2025;6;Jun
2025-06-20;05:20:00;22:04:00;320;1324;16,73333333333330;2025;6;Jun
2025-06-21;05:20:00;22:04:00;320;1324;16,73333333333330;2025;6;Jun
2025-06-22;05:20:00;22:04:00;320;1324;16,73333333333330;2025;6;Jun
2025-06-23;05:20:00;22:04:00;320;1324;16,73333333333330;2025;6;Jun
2025-06-24;05:21:00;22:04:00;321;1324;16,71666666666670;2025;6;Jun
2025-06-25;05:21:00;22:04:00;321;1324;16,71666666666670;2025;6;Jun
2025-06-26;05:22:00;22:04:00;322;1324;16,70000000000000;2025;6;Jun
2025-06-27;05:22:00;22:04:00;322;1324;16,70000000000000;2025;6;Jun
2025-06-28;05:23:00;22:04:00;323;1324;16,68333333333330;2025;6;Jun
2025-06-29;05:23:00;22:04:00;323;1324;16,68333333333330;2025;6;Jun
2025-06-30;05:24:00;22:03:00;324;1323;16,65000000000000;2025;6;Jun
2025-07-01;05:25:00;22:03:00;325;1323;16,63333333333330;2025;7;Jul
2025-07-02;05:25:00;22:03:00;325;1323;16,63333333333330;2025;7;Jul
2025-07-03;05:26:00;22:02:00;326;1322;16,60000000000000;2025;7;Jul
2025-07-04;05:27:00;22:02:00;327;1322;16,58333333333330;2025;7;Jul
2025-07-05;05:28:00;22:01:00;328;1321;16,55000000000000;2025;7;Jul
2025-07-06;05:29:00;22:01:00;329;1321;16,53333333333330;2025;7;Jul
2025-07-07;05:30:00;22:00:00;330;1320;16,50000000000000;2025;7;Jul
2025-07-08;05:30:00;21:59:00;330;1319;16,48333333333330;2025;7;Jul
2025-07-09;05:31:00;21:59:00;331;1319;16,46666666666670;2025;7;Jul
2025-07-10;05:33:00;21:58:00;333;1318;16,41666666666670;2025;7;Jul
2025-07-11;05:34:00;21:57:00;334;1317;16,38333333333330;2025;7;Jul
2025-07-12;05:35:00;21:56:00;335;1316;16,35000000000000;2025;7;Jul
2025-07-13;05:36:00;21:55:00;336;1315;16,31666666666670;2025;7;Jul
2025-07-14;05:37:00;21:54:00;337;1314;16,28333333333330;2025;7;Jul
2025-07-15;05:38:00;21:53:00;338;1313;16,25000000000000;2025;7;Jul
2025-07-16;05:39:00;21:52:00;339;1312;16,21666666666670;2025;7;Jul
2025-07-17;05:41:00;21:51:00;341;1311;16,16666666666670;2025;7;Jul
2025-07-18;05:42:00;21:50:00;342;1310;16,13333333333330;2025;7;Jul
2025-07-19;05:43:00;21:49:00;343;1309;16,10000000000000;2025;7;Jul
2025-07-20;05:45:00;21:47:00;345;1307;16,03333333333330;2025;7;Jul
2025-07-21;05:46:00;21:46:00;346;1306;16,00000000000000;2025;7;Jul
2025-07-22;05:47:00;21:45:00;347;1305;15,96666666666670;2025;7;Jul
2025-07-23;05:49:00;21:43:00;349;1303;15,90000000000000;2025;7;Jul
2025-07-24;05:50:00;21:42:00;350;1302;15,86666666666670;2025;7;Jul
2025-07-25;05:52:00;21:41:00;352;1301;15,81666666666670;2025;7;Jul
2025-07-26;05:53:00;21:39:00;353;1299;15,76666666666670;2025;7;Jul
2025-07-27;05:55:00;21:38:00;355;1298;15,71666666666670;2025;7;Jul
2025-07-28;05:56:00;21:36:00;356;1296;15,66666666666670;2025;7;Jul
2025-07-29;05:58:00;21:34:00;358;1294;15,60000000000000;2025;7;Jul
2025-07-30;05:59:00;21:33:00;359;1293;15,56666666666670;2025;7;Jul
2025-07-31;06:01:00;21:31:00;361;1291;15,50000000000000;2025;7;Jul
2025-08-01;06:02:00;21:30:00;362;1290;15,46666666666670;2025;8;Aug
2025-08-02;06:04:00;21:28:00;364;1288;15,40000000000000;2025;8;Aug
2025-08-03;06:05:00;21:26:00;365;1286;15,35000000000000;2025;8;Aug
2025-08-04;06:07:00;21:24:00;367;1284;15,28333333333330;2025;8;Aug
2025-08-05;06:08:00;21:23:00;368;1283;15,25000000000000;2025;8;Aug
2025-08-06;06:10:00;21:21:00;370;1281;15,18333333333330;2025;8;Aug
2025-08-07;06:11:00;21:19:00;371;1279;15,13333333333330;2025;8;Aug
2025-08-08;06:13:00;21:17:00;373;1277;15,06666666666670;2025;8;Aug
2025-08-09;06:15:00;21:15:00;375;1275;15,00000000000000;2025;8;Aug
2025-08-10;06:16:00;21:13:00;376;1273;14,95000000000000;2025;8;Aug
2025-08-11;06:18:00;21:11:00;378;1271;14,88333333333330;2025;8;Aug
2025-08-12;06:19:00;21:09:00;379;1269;14,83333333333330;2025;8;Aug
2025-08-13;06:21:00;21:07:00;381;1267;14,76666666666670;2025;8;Aug
2025-08-14;06:23:00;21:05:00;383;1265;14,70000000000000;2025;8;Aug
2025-08-15;06:24:00;21:03:00;384;1263;14,65000000000000;2025;8;Aug
2025-08-16;06:26:00;21:01:00;386;1261;14,58333333333330;2025;8;Aug
2025-08-17;06:28:00;20:59:00;388;1259;14,51666666666670;2025;8;Aug
2025-08-18;06:29:00;20:57:00;389;1257;14,46666666666670;2025;8;Aug
2025-08-19;06:31:00;20:55:00;391;1255;14,40000000000000;2025;8;Aug
2025-08-20;06:32:00;20:53:00;392;1253;14,35000000000000;2025;8;Aug
2025-08-21;06:34:00;20:51:00;394;1251;14,28333333333330;2025;8;Aug
2025-08-22;06:36:00;20:49:00;396;1249;14,21666666666670;2025;8;Aug
2025-08-23;06:37:00;20:47:00;397;1247;14,16666666666670;2025;8;Aug
2025-08-24;06:39:00;20:45:00;399;1245;14,10000000000000;2025;8;Aug
2025-08-25;06:41:00;20:42:00;401;1242;14,01666666666670;2025;8;Aug
2025-08-26;06:42:00;20:40:00;402;1240;13,96666666666670;2025;8;Aug
2025-08-27;06:44:00;20:38:00;404;1238;13,90000000000000;2025;8;Aug
2025-08-28;06:46:00;20:36:00;406;1236;13,83333333333330;2025;8;Aug
2025-08-29;06:47:00;20:33:00;407;1233;13,76666666666670;2025;8;Aug
2025-08-30;06:49:00;20:31:00;409;1231;13,70000000000000;2025;8;Aug
2025-08-31;06:50:00;20:29:00;410;1229;13,65000000000000;2025;8;Aug
2025-09-01;06:52:00;20:27:00;412;1227;13,58333333333330;2025;9;Sep
2025-09-02;06:54:00;20:24:00;414;1224;13,50000000000000;2025;9;Sep
2025-09-03;06:55:00;20:22:00;415;1222;13,45000000000000;2025;9;Sep
2025-09-04;06:57:00;20:20:00;417;1220;13,38333333333330;2025;9;Sep
2025-09-05;06:59:00;20:18:00;419;1218;13,31666666666670;2025;9;Sep
2025-09-06;07:00:00;20:15:00;420;1215;13,25000000000000;2025;9;Sep
2025-09-07;07:02:00;20:13:00;422;1213;13,18333333333330;2025;9;Sep
2025-09-08;07:03:00;20:11:00;423;1211;13,13333333333330;2025;9;Sep
2025-09-09;07:05:00;20:08:00;425;1208;13,05000000000000;2025;9;Sep
2025-09-10;07:07:00;20:06:00;427;1206;12,98333333333330;2025;9;Sep
2025-09-11;07:08:00;20:04:00;428;1204;12,93333333333330;2025;9;Sep
2025-09-12;07:10:00;20:01:00;430;1201;12,85000000000000;2025;9;Sep
2025-09-13;07:12:00;19:59:00;432;1199;12,78333333333330;2025;9;Sep
2025-09-14;07:13:00;19:57:00;433;1197;12,73333333333330;2025;9;Sep
2025-09-15;07:15:00;19:54:00;435;1194;12,65000000000000;2025;9;Sep
2025-09-16;07:16:00;19:52:00;436;1192;12,60000000000000;2025;9;Sep
2025-09-17;07:18:00;19:50:00;438;1190;12,53333333333330;2025;9;Sep
2025-09-18;07:20:00;19:47:00;440;1187;12,45000000000000;2025;9;Sep
2025-09-19;07:21:00;19:45:00;441;1185;12,40000000000000;2025;9;Sep
2025-09-20;07:23:00;19:43:00;443;1183;12,33333333333330;2025;9;Sep
2025-09-21;07:25:00;19:40:00;445;1180;12,25000000000000;2025;9;Sep
2025-09-22;07:26:00;19:38:00;446;1178;12,20000000000000;2025;9;Sep
2025-09-23;07:28:00;19:36:00;448;1176;12,13333333333330;2025;9;Sep
2025-09-24;07:30:00;19:33:00;450;1173;12,05000000000000;2025;9;Sep
2025-09-25;07:31:00;19:31:00;451;1171;12,00000000000000;2025;9;Sep
2025-09-26;07:33:00;19:29:00;453;1169;11,93333333333330;2025;9;Sep
2025-09-27;07:35:00;19:26:00;455;1166;11,85000000000000;2025;9;Sep
2025-09-28;07:36:00;19:24:00;456;1164;11,80000000000000;2025;9;Sep
2025-09-29;07:38:00;19:22:00;458;1162;11,73333333333330;2025;9;Sep
2025-09-30;07:40:00;19:19:00;460;1159;11,65000000000000;2025;9;Sep
2025-10-01;07:41:00;19:17:00;461;1157;11,60000000000000;2025;10;Oct
2025-10-02;07:43:00;19:15:00;463;1155;11,53333333333330;2025;10;Oct
2025-10-03;07:45:00;19:12:00;465;1152;11,45000000000000;2025;10;Oct
2025-10-04;07:46:00;19:10:00;466;1150;11,40000000000000;2025;10;Oct
2025-10-05;07:48:00;19:08:00;468;1148;11,33333333333330;2025;10;Oct
2025-10-06;07:50:00;19:06:00;470;1146;11,26666666666670;2025;10;Oct
2025-10-07;07:51:00;19:03:00;471;1143;11,20000000000000;2025;10;Oct
2025-10-08;07:53:00;19:01:00;473;1141;11,13333333333330;2025;10;Oct
2025-10-09;07:55:00;18:59:00;475;1139;11,06666666666670;2025;10;Oct
2025-10-10;07:56:00;18:57:00;476;1137;11,01666666666670;2025;10;Oct
2025-10-11;07:58:00;18:54:00;478;1134;10,93333333333330;2025;10;Oct
2025-10-12;08:00:00;18:52:00;480;1132;10,86666666666670;2025;10;Oct
2025-10-13;08:02:00;18:50:00;482;1130;10,80000000000000;2025;10;Oct
2025-10-14;08:03:00;18:48:00;483;1128;10,75000000000000;2025;10;Oct
2025-10-15;08:05:00;18:46:00;485;1126;10,68333333333330;2025;10;Oct
2025-10-16;08:07:00;18:43:00;487;1123;10,60000000000000;2025;10;Oct
2025-10-17;08:08:00;18:41:00;488;1121;10,55000000000000;2025;10;Oct
2025-10-18;08:10:00;18:39:00;490;1119;10,48333333333330;2025;10;Oct
2025-10-19;08:12:00;18:37:00;492;1117;10,41666666666670;2025;10;Oct
2025-10-20;08:14:00;18:35:00;494;1115;10,35000000000000;2025;10;Oct
2025-10-21;08:15:00;18:33:00;495;1113;10,30000000000000;2025;10;Oct
2025-10-22;08:17:00;18:31:00;497;1111;10,23333333333330;2025;10;Oct
2025-10-23;08:19:00;18:29:00;499;1109;10,16666666666670;2025;10;Oct
2025-10-24;08:21:00;18:27:00;501;1107;10,10000000000000;2025;10;Oct
2025-10-25;08:23:00;18:25:00;503;1105;10,03333333333330;2025;10;Oct
2025-10-26;07:24:00;17:23:00;444;1043;9,98333333333333;2025;10;Oct
2025-10-27;07:26:00;17:21:00;446;1041;9,91666666666667;2025;10;Oct
2025-10-28;07:28:00;17:19:00;448;1039;9,85000000000000;2025;10;Oct
2025-10-29;07:30:00;17:17:00;450;1037;9,78333333333333;2025;10;Oct
2025-10-30;07:32:00;17:15:00;452;1035;9,71666666666667;2025;10;Oct
2025-10-31;07:33:00;17:13:00;453;1033;9,66666666666667;2025;10;Oct
2025-11-01;07:35:00;17:11:00;455;1031;9,60000000000000;2025;11;Nov
2025-11-02;07:37:00;17:09:00;457;1029;9,53333333333333;2025;11;Nov
2025-11-03;07:39:00;17:08:00;459;1028;9,48333333333333;2025;11;Nov
2025-11-04;07:41:00;17:06:00;461;1026;9,41666666666667;2025;11;Nov
2025-11-05;07:42:00;17:04:00;462;1024;9,36666666666667;2025;11;Nov
2025-11-06;07:44:00;17:02:00;464;1022;9,30000000000000;2025;11;Nov
2025-11-07;07:46:00;17:01:00;466;1021;9,25000000000000;2025;11;Nov
2025-11-08;07:48:00;16:59:00;468;1019;9,18333333333333;2025;11;Nov
2025-11-09;07:50:00;16:58:00;470;1018;9,13333333333333;2025;11;Nov
2025-11-10;07:51:00;16:56:00;471;1016;9,08333333333333;2025;11;Nov
2025-11-11;07:53:00;16:54:00;473;1014;9,01666666666667;2025;11;Nov
2025-11-12;07:55:00;16:53:00;475;1013;8,96666666666667;2025;11;Nov
2025-11-13;07:57:00;16:51:00;477;1011;8,90000000000000;2025;11;Nov
2025-11-14;07:58:00;16:50:00;478;1010;8,86666666666667;2025;11;Nov
2025-11-15;08:00:00;16:49:00;480;1009;8,81666666666667;2025;11;Nov
2025-11-16;08:02:00;16:47:00;482;1007;8,75000000000000;2025;11;Nov
2025-11-17;08:04:00;16:46:00;484;1006;8,70000000000000;2025;11;Nov
2025-11-18;08:05:00;16:45:00;485;1005;8,66666666666667;2025;11;Nov
2025-11-19;08:07:00;16:43:00;487;1003;8,60000000000000;2025;11;Nov
2025-11-20;08:09:00;16:42:00;489;1002;8,55000000000000;2025;11;Nov
2025-11-21;08:10:00;16:41:00;490;1001;8,51666666666667;2025;11;Nov
2025-11-22;08:12:00;16:40:00;492;1000;8,46666666666667;2025;11;Nov
2025-11-23;08:14:00;16:39:00;494;999;8,41666666666667;2025;11;Nov
2025-11-24;08:15:00;16:38:00;495;998;8,38333333333333;2025;11;Nov
2025-11-25;08:17:00;16:37:00;497;997;8,33333333333333;2025;11;Nov
2025-11-26;08:18:00;16:36:00;498;996;8,30000000000000;2025;11;Nov
2025-11-27;08:20:00;16:35:00;500;995;8,25000000000000;2025;11;Nov
2025-11-28;08:21:00;16:34:00;501;994;8,21666666666667;2025;11;Nov
2025-11-29;08:23:00;16:33:00;503;993;8,16666666666667;2025;11;Nov
2025-11-30;08:24:00;16:33:00;504;993;8,15000000000000;2025;11;Nov
2025-12-01;08:26:00;16:32:00;506;992;8,10000000000000;2025;12;Dec
2025-12-02;08:27:00;16:31:00;507;991;8,06666666666667;2025;12;Dec
2025-12-03;08:29:00;16:31:00;509;991;8,03333333333333;2025;12;Dec
2025-12-04;08:30:00;16:30:00;510;990;8,00000000000000;2025;12;Dec
2025-12-05;08:31:00;16:30:00;511;990;7,98333333333333;2025;12;Dec
2025-12-06;08:32:00;16:30:00;512;990;7,96666666666667;2025;12;Dec
2025-12-07;08:34:00;16:29:00;514;989;7,91666666666667;2025;12;Dec
2025-12-08;08:35:00;16:29:00;515;989;7,90000000000000;2025;12;Dec
2025-12-09;08:36:00;16:29:00;516;989;7,88333333333333;2025;12;Dec
2025-12-10;08:37:00;16:28:00;517;988;7,85000000000000;2025;12;Dec
2025-12-11;08:38:00;16:28:00;518;988;7,83333333333333;2025;12;Dec
2025-12-12;08:39:00;16:28:00;519;988;7,81666666666667;2025;12;Dec
2025-12-13;08:40:00;16:28:00;520;988;7,80000000000000;2025;12;Dec
2025-12-14;08:41:00;16:28:00;521;988;7,78333333333333;2025;12;Dec
2025-12-15;08:42:00;16:29:00;522;989;7,78333333333333;2025;12;Dec
2025-12-16;08:43:00;16:29:00;523;989;7,76666666666667;2025;12;Dec
2025-12-17;08:43:00;16:29:00;523;989;7,76666666666667;2025;12;Dec
2025-12-18;08:44:00;16:29:00;524;989;7,75000000000000;2025;12;Dec
2025-12-19;08:45:00;16:30:00;525;990;7,75000000000000;2025;12;Dec
2025-12-20;08:45:00;16:30:00;525;990;7,75000000000000;2025;12;Dec
2025-12-21;08:46:00;16:30:00;526;990;7,73333333333333;2025;12;Dec
2025-12-22;08:46:00;16:31:00;526;991;7,75000000000000;2025;12;Dec
2025-12-23;08:47:00;16:32:00;527;992;7,75000000000000;2025;12;Dec
2025-12-24;08:47:00;16:32:00;527;992;7,75000000000000;2025;12;Dec
2025-12-25;08:48:00;16:33:00;528;993;7,75000000000000;2025;12;Dec
2025-12-26;08:48:00;16:34:00;528;994;7,76666666666667;2025;12;Dec
2025-12-27;08:48:00;16:34:00;528;994;7,76666666666667;2025;12;Dec
2025-12-28;08:48:00;16:35:00;528;995;7,78333333333333;2025;12;Dec
2025-12-29;08:48:00;16:36:00;528;996;7,80000000000000;2025;12;Dec
2025-12-30;08:48:00;16:37:00;528;997;7,81666666666667;2025;12;Dec
2025-12-31;08:48:00;16:38:00;528;998;7,83333333333333;2025;12;Dec